ASNumber,BinValue+-NoiseValue,[BinValue-NoiseValue;BinValue+NoiseValue],(NoisePercent=BinValue/NoiseValue),(Status(NoisePercent<100%);Status(BinValue-NoiseValue>0))
24940,304855+-5671,[299184;310526],(1.9%),(visible;positive)
5384,166164+-5671,[160493;171835],(3.4%),(visible;positive)
14061,164916+-5671,[159245;170587],(3.4%),(visible;positive)
17974,156691+-5671,[151020;162362],(3.6%),(visible;positive)
12876,153495+-5671,[147824;159166],(3.7%),(visible;positive)
9039,151841+-5671,[146170;157512],(3.7%),(visible;positive)
15169,112168+-5671,[106497;117839],(5.1%),(visible;positive)
12389,111580+-5671,[105909;117251],(5.1%),(visible;positive)
30083,105077+-5671,[99406;110748],(5.4%),(visible;positive)
14618,104639+-5671,[98968;110310],(5.4%),(visible;positive)
18209,103455+-5671,[97784;109126],(5.5%),(visible;positive)
16276,84638+-5671,[78967;90309],(6.7%),(visible;positive)
3462,80387+-5671,[74716;86058],(7.1%),(visible;positive)
63949,77045+-5671,[71374;82716],(7.4%),(visible;positive)
3320,73411+-5671,[67740;79082],(7.7%),(visible;positive)
7922,72532+-5671,[66861;78203],(7.8%),(visible;positive)
15895,68702+-5671,[63031;74373],(8.3%),(visible;positive)
39572,59681+-5671,[54010;65352],(9.5%),(visible;positive)
45758,59182+-5671,[53511;64853],(9.6%),(visible;positive)
23969,56621+-5671,[50950;62292],(10.0%),(visible;positive)
22625,56135+-5671,[50464;61806],(10.1%),(visible;positive)
15802,53390+-5671,[47719;59061],(10.6%),(visible;positive)
6830,50003+-5671,[44332;55674],(11.3%),(visible;positive)
16509,48534+-5671,[42863;54205],(11.7%),(visible;positive)
8359,46503+-5671,[40832;52174],(12.2%),(visible;positive)
3215,42299+-5671,[36628;47970],(13.4%),(visible;positive)
32780,39195+-5671,[33524;44866],(14.5%),(visible;positive)
17552,38056+-5671,[32385;43727],(14.9%),(visible;positive)
16345,36803+-5671,[31132;42474],(15.4%),(visible;positive)
8369,36798+-5671,[31127;42469],(15.4%),(visible;positive)
12578,34484+-5671,[28813;40155],(16.4%),(visible;positive)
6805,33918+-5671,[28247;39589],(16.7%),(visible;positive)
201679,31715+-5671,[26044;37386],(17.9%),(visible;positive)
21928,31638+-5671,[25967;37309],(17.9%),(visible;positive)
3269,30931+-5671,[25260;36602],(18.3%),(visible;positive)
12714,30147+-5671,[24476;35818],(18.8%),(visible;positive)
13188,29618+-5671,[23947;35289],(19.1%),(visible;positive)
3352,29542+-5671,[23871;35213],(19.2%),(visible;positive)
7018,29404+-5671,[23733;35075],(19.3%),(visible;positive)
27715,29317+-5671,[23646;34988],(19.3%),(visible;positive)
393406,29234+-5671,[23563;34905],(19.4%),(visible;positive)
17451,29027+-5671,[23356;34698],(19.5%),(visible;positive)
9829,28831+-5671,[23160;34502],(19.7%),(visible;positive)
8151,28638+-5671,[22967;34309],(19.8%),(visible;positive)
12322,27424+-5671,[21753;33095],(20.7%),(visible;positive)
45899,26571+-5671,[20900;32242],(21.3%),(visible;positive)
25474,26390+-5671,[20719;32061],(21.5%),(visible;positive)
8972,26368+-5671,[20697;32039],(21.5%),(visible;positive)
3209,26248+-5671,[20577;31919],(21.6%),(visible;positive)
22394,24677+-5671,[19006;30348],(23.0%),(visible;positive)
5089,24506+-5671,[18835;30177],(23.1%),(visible;positive)
31334,23741+-5671,[18070;29412],(23.9%),(visible;positive)
39608,23687+-5671,[18016;29358],(23.9%),(visible;positive)
20473,22369+-5671,[16698;28040],(25.4%),(visible;positive)
25159,22360+-5671,[16689;28031],(25.4%),(visible;positive)
51167,22201+-5671,[16530;27872],(25.5%),(visible;positive)
4713,21476+-5671,[15805;27147],(26.4%),(visible;positive)
25229,21105+-5671,[15434;26776],(26.9%),(visible;positive)
23700,20924+-5671,[15253;26595],(27.1%),(visible;positive)
17072,20255+-5671,[14584;25926],(28.0%),(visible;positive)
15557,20223+-5671,[14552;25894],(28.0%),(visible;positive)
131090,19783+-5671,[14112;25454],(28.7%),(visible;positive)
8402,19357+-5671,[13686;25028],(29.3%),(visible;positive)
22773,19158+-5671,[13487;24829],(29.6%),(visible;positive)
812,19113+-5671,[13442;24784],(29.7%),(visible;positive)
20057,17703+-5671,[12032;23374],(32.0%),(visible;positive)
3842,17681+-5671,[12010;23352],(32.1%),(visible;positive)
5410,17637+-5671,[11966;23308],(32.2%),(visible;positive)
35816,17466+-5671,[11795;23137],(32.5%),(visible;positive)
49505,17347+-5671,[11676;23018],(32.7%),(visible;positive)
28573,17338+-5671,[11667;23009],(32.7%),(visible;positive)
24560,17273+-5671,[11602;22944],(32.8%),(visible;positive)
701,17132+-5671,[11461;22803],(33.1%),(visible;positive)
9009,16908+-5671,[11237;22579],(33.5%),(visible;positive)
55836,16616+-5671,[10945;22287],(34.1%),(visible;positive)
23693,16571+-5671,[10900;22242],(34.2%),(visible;positive)
20115,16543+-5671,[10872;22214],(34.3%),(visible;positive)
6849,16237+-5671,[10566;21908],(34.9%),(visible;positive)
10507,15832+-5671,[10161;21503],(35.8%),(visible;positive)
24875,15735+-5671,[10064;21406],(36.0%),(visible;positive)
25513,15419+-5671,[9748;21090],(36.8%),(visible;positive)
16262,15265+-5671,[9594;20936],(37.2%),(visible;positive)
2856,14897+-5671,[9226;20568],(38.1%),(visible;positive)
209,14891+-5671,[9220;20562],(38.1%),(visible;positive)
30722,14618+-5671,[8947;20289],(38.8%),(visible;positive)
34058,14109+-5671,[8438;19780],(40.2%),(visible;positive)
17676,14107+-5671,[8436;19778],(40.2%),(visible;positive)
12479,14095+-5671,[8424;19766],(40.2%),(visible;positive)
9304,13698+-5671,[8027;19369],(41.4%),(visible;positive)
3303,13591+-5671,[7920;19262],(41.7%),(visible;positive)
31133,12951+-5671,[7280;18622],(43.8%),(visible;positive)
57918,12791+-5671,[7120;18462],(44.3%),(visible;positive)
5607,12682+-5671,[7011;18353],(44.7%),(visible;positive)
5617,12625+-5671,[6954;18296],(44.9%),(visible;positive)
7470,12488+-5671,[6817;18159],(45.4%),(visible;positive)
25255,12041+-5671,[6370;17712],(47.1%),(visible;positive)
39706,12041+-5671,[6370;17712],(47.1%),(visible;positive)
4760,12001+-5671,[6330;17672],(47.3%),(visible;positive)
23352,11904+-5671,[6233;17575],(47.6%),(visible;positive)
8866,11837+-5671,[6166;17508],(47.9%),(visible;positive)
9318,11739+-5671,[6068;17410],(48.3%),(visible;positive)
42610,11732+-5671,[6061;17403],(48.3%),(visible;positive)
8551,11563+-5671,[5892;17234],(49.0%),(visible;positive)
43350,11377+-5671,[5706;17048],(49.8%),(visible;positive)
21497,11248+-5671,[5577;16919],(50.4%),(visible;positive)
9341,11190+-5671,[5519;16861],(50.7%),(visible;positive)
6939,10609+-5671,[4938;16280],(53.5%),(visible;positive)
1759,10557+-5671,[4886;16228],(53.7%),(visible;positive)
7552,10547+-5671,[4876;16218],(53.8%),(visible;positive)
6327,10462+-5671,[4791;16133],(54.2%),(visible;positive)
4788,10286+-5671,[4615;15957],(55.1%),(visible;positive)
327966,10027+-5671,[4356;15698],(56.6%),(visible;positive)
32934,9855+-5671,[4184;15526],(57.5%),(visible;positive)
4621,9853+-5671,[4182;15524],(57.6%),(visible;positive)
9198,9738+-5671,[4067;15409],(58.2%),(visible;positive)
9269,9645+-5671,[3974;15316],(58.8%),(visible;positive)
14117,9470+-5671,[3799;15141],(59.9%),(visible;positive)
6147,9410+-5671,[3739;15081],(60.3%),(visible;positive)
49981,9234+-5671,[3563;14905],(61.4%),(visible;positive)
17577,9194+-5671,[3523;14865],(61.7%),(visible;positive)
38693,9174+-5671,[3503;14845],(61.8%),(visible;positive)
31252,9029+-5671,[3358;14700],(62.8%),(visible;positive)
27843,9007+-5671,[3336;14678],(63.0%),(visible;positive)
4800,8982+-5671,[3311;14653],(63.1%),(visible;positive)
29497,8963+-5671,[3292;14634],(63.3%),(visible;positive)
29580,8945+-5671,[3274;14616],(63.4%),(visible;positive)
133481,8903+-5671,[3232;14574],(63.7%),(visible;positive)
4766,8624+-5671,[2953;14295],(65.8%),(visible;positive)
1221,8620+-5671,[2949;14291],(65.8%),(visible;positive)
44244,8606+-5671,[2935;14277],(65.9%),(visible;positive)
25019,8576+-5671,[2905;14247],(66.1%),(visible;positive)
25133,8547+-5671,[2876;14218],(66.4%),(visible;positive)
3356,8522+-5671,[2851;14193],(66.5%),(visible;positive)
23947,8500+-5671,[2829;14171],(66.7%),(visible;positive)
39264,8435+-5671,[2764;14106],(67.2%),(visible;positive)
8997,8408+-5671,[2737;14079],(67.4%),(visible;positive)
60781,8407+-5671,[2736;14078],(67.5%),(visible;positive)
43554,8325+-5671,[2654;13996],(68.1%),(visible;positive)
54520,8247+-5671,[2576;13918],(68.8%),(visible;positive)
26557,8127+-5671,[2456;13798],(69.8%),(visible;positive)
264493,8090+-5671,[2419;13761],(70.1%),(visible;positive)
43120,7990+-5671,[2319;13661],(71.0%),(visible;positive)
264967,7959+-5671,[2288;13630],(71.3%),(visible;positive)
63859,7903+-5671,[2232;13574],(71.8%),(visible;positive)
3786,7805+-5671,[2134;13476],(72.7%),(visible;positive)
7713,7781+-5671,[2110;13452],(72.9%),(visible;positive)
3216,7780+-5671,[2109;13451],(72.9%),(visible;positive)
8412,7722+-5671,[2051;13393],(73.4%),(visible;positive)
5650,7712+-5671,[2041;13383],(73.5%),(visible;positive)
12576,7698+-5671,[2027;13369],(73.7%),(visible;positive)
135794,7644+-5671,[1973;13315],(74.2%),(visible;positive)
46592,7640+-5671,[1969;13311],(74.2%),(visible;positive)
19429,7592+-5671,[1921;13263],(74.7%),(visible;positive)
1241,7436+-5671,[1765;13107],(76.3%),(visible;positive)
41268,7411+-5671,[1740;13082],(76.5%),(visible;positive)
56988,7185+-5671,[1514;12856],(78.9%),(visible;positive)
26873,7144+-5671,[1473;12815],(79.4%),(visible;positive)
12874,7131+-5671,[1460;12802],(79.5%),(visible;positive)
205260,6929+-5671,[1258;12600],(81.8%),(visible;positive)
45102,6906+-5671,[1235;12577],(82.1%),(visible;positive)
51937,6806+-5671,[1135;12477],(83.3%),(visible;positive)
65034,6786+-5671,[1115;12457],(83.6%),(visible;positive)
35593,6732+-5671,[1061;12403],(84.2%),(visible;positive)
57522,6652+-5671,[981;12323],(85.3%),(visible;positive)
12271,6651+-5671,[980;12322],(85.3%),(visible;positive)
30311,6551+-5671,[880;12222],(86.6%),(visible;positive)
60773,6540+-5671,[869;12211],(86.7%),(visible;positive)
2516,6530+-5671,[859;12201],(86.8%),(visible;positive)
43771,6524+-5671,[853;12195],(86.9%),(visible;positive)
20540,6488+-5671,[817;12159],(87.4%),(visible;positive)
18403,6474+-5671,[803;12145],(87.6%),(visible;positive)
59942,6470+-5671,[799;12141],(87.7%),(visible;positive)
20001,6408+-5671,[737;12079],(88.5%),(visible;positive)
38511,6379+-5671,[708;12050],(88.9%),(visible;positive)
263152,6363+-5671,[692;12034],(89.1%),(visible;positive)
44395,6327+-5671,[656;11998],(89.6%),(visible;positive)
28884,6324+-5671,[653;11995],(89.7%),(visible;positive)
2107,6302+-5671,[631;11973],(90.0%),(visible;positive)
45609,6287+-5671,[616;11958],(90.2%),(visible;positive)
49984,6190+-5671,[519;11861],(91.6%),(visible;positive)
264228,6178+-5671,[507;11849],(91.8%),(visible;positive)
55666,6167+-5671,[496;11838],(92.0%),(visible;positive)
21826,6109+-5671,[438;11780],(92.8%),(visible;positive)
19007,6105+-5671,[434;11776],(92.9%),(visible;positive)
51752,6095+-5671,[424;11766],(93.0%),(visible;positive)
12958,6056+-5671,[385;11727],(93.6%),(visible;positive)
51020,5976+-5671,[305;11647],(94.9%),(visible;positive)
206379,5966+-5671,[295;11637],(95.1%),(visible;positive)
63198,5927+-5671,[256;11598],(95.7%),(visible;positive)
4761,5874+-5671,[203;11545],(96.5%),(visible;positive)
22130,5874+-5671,[203;11545],(96.5%),(visible;positive)
135865,5855+-5671,[184;11526],(96.9%),(visible;positive)
131445,5810+-5671,[139;11481],(97.6%),(visible;positive)
12519,5808+-5671,[137;11479],(97.6%),(visible;positive)
394996,5803+-5671,[132;11474],(97.7%),(visible;positive)
16169,5735+-5671,[64;11406],(98.9%),(visible;positive)
263766,5702+-5671,[31;11373],(99.5%),(visible;positive)
10481,5661+-5671,[-10;11332],(100.2%),(obscured;zero)
16715,5650+-5671,[-21;11321],(100.4%),(obscured;zero)
263482,5650+-5671,[-21;11321],(100.4%),(obscured;zero)
14808,5629+-5671,[-42;11300],(100.7%),(obscured;zero)
8167,5616+-5671,[-55;11287],(101.0%),(obscured;zero)
15582,5598+-5671,[-73;11269],(101.3%),(obscured;zero)
44286,5591+-5671,[-80;11262],(101.4%),(obscured;zero)
11427,5515+-5671,[-156;11186],(102.8%),(obscured;zero)
24475,5443+-5671,[-228;11114],(104.2%),(obscured;zero)
16992,5430+-5671,[-241;11101],(104.4%),(obscured;zero)
8601,5384+-5671,[-287;11055],(105.3%),(obscured;zero)
18881,5371+-5671,[-300;11042],(105.6%),(obscured;zero)
3255,5369+-5671,[-302;11040],(105.6%),(obscured;zero)
265935,5318+-5671,[-353;10989],(106.6%),(obscured;zero)
5466,5290+-5671,[-381;10961],(107.2%),(obscured;zero)
196678,5282+-5671,[-389;10953],(107.4%),(obscured;zero)
49559,5268+-5671,[-403;10939],(107.6%),(obscured;zero)
39058,5237+-5671,[-434;10908],(108.3%),(obscured;zero)
202979,5205+-5671,[-466;10876],(109.0%),(obscured;zero)
48119,5203+-5671,[-468;10874],(109.0%),(obscured;zero)
40002,5189+-5671,[-482;10860],(109.3%),(obscured;zero)
16372,5181+-5671,[-490;10852],(109.5%),(obscured;zero)
265229,5163+-5671,[-508;10834],(109.8%),(obscured;zero)
55512,5160+-5671,[-511;10831],(109.9%),(obscured;zero)
47674,5152+-5671,[-519;10823],(110.1%),(obscured;zero)
133084,5152+-5671,[-519;10823],(110.1%),(obscured;zero)
263101,5132+-5671,[-539;10803],(110.5%),(obscured;zero)
35687,5128+-5671,[-543;10799],(110.6%),(obscured;zero)
263534,5126+-5671,[-545;10797],(110.6%),(obscured;zero)
31213,5107+-5671,[-564;10778],(111.0%),(obscured;zero)
20470,5102+-5671,[-569;10773],(111.2%),(obscured;zero)
132199,5090+-5671,[-581;10761],(111.4%),(obscured;zero)
136239,5028+-5671,[-643;10699],(112.8%),(obscured;zero)
54216,5023+-5671,[-648;10694],(112.9%),(obscured;zero)
52511,5010+-5671,[-661;10681],(113.2%),(obscured;zero)
199342,5007+-5671,[-664;10678],(113.3%),(obscured;zero)
32468,4997+-5671,[-674;10668],(113.5%),(obscured;zero)
30880,4989+-5671,[-682;10660],(113.7%),(obscured;zero)
26516,4983+-5671,[-688;10654],(113.8%),(obscured;zero)
15378,4958+-5671,[-713;10629],(114.4%),(obscured;zero)
132554,4943+-5671,[-728;10614],(114.7%),(obscured;zero)
27747,4940+-5671,[-731;10611],(114.8%),(obscured;zero)
39477,4932+-5671,[-739;10603],(115.0%),(obscured;zero)
201405,4924+-5671,[-747;10595],(115.2%),(obscured;zero)
205668,4918+-5671,[-753;10589],(115.3%),(obscured;zero)
11782,4891+-5671,[-780;10562],(115.9%),(obscured;zero)
47664,4887+-5671,[-784;10558],(116.0%),(obscured;zero)
34624,4880+-5671,[-791;10551],(116.2%),(obscured;zero)
206328,4880+-5671,[-791;10551],(116.2%),(obscured;zero)
263096,4870+-5671,[-801;10541],(116.4%),(obscured;zero)
8881,4856+-5671,[-815;10527],(116.8%),(obscured;zero)
42036,4844+-5671,[-827;10515],(117.1%),(obscured;zero)
31195,4819+-5671,[-852;10490],(117.7%),(obscured;zero)
57796,4790+-5671,[-881;10461],(118.4%),(obscured;zero)
13999,4788+-5671,[-883;10459],(118.4%),(obscured;zero)
37164,4775+-5671,[-896;10446],(118.8%),(obscured;zero)
132263,4762+-5671,[-909;10433],(119.1%),(obscured;zero)
46803,4756+-5671,[-915;10427],(119.2%),(obscured;zero)
44346,4718+-5671,[-953;10389],(120.2%),(obscured;zero)
28012,4696+-5671,[-975;10367],(120.8%),(obscured;zero)
25515,4682+-5671,[-989;10353],(121.1%),(obscured;zero)
134306,4681+-5671,[-990;10352],(121.1%),(obscured;zero)
12430,4676+-5671,[-995;10347],(121.3%),(obscured;zero)
34930,4652+-5671,[-1019;10323],(121.9%),(obscured;zero)
62801,4644+-5671,[-1027;10315],(122.1%),(obscured;zero)
55378,4642+-5671,[-1029;10313],(122.2%),(obscured;zero)
395767,4606+-5671,[-1065;10277],(123.1%),(obscured;zero)
29141,4604+-5671,[-1067;10275],(123.2%),(obscured;zero)
9143,4586+-5671,[-1085;10257],(123.7%),(obscured;zero)
4739,4557+-5671,[-1114;10228],(124.4%),(obscured;zero)
9230,4552+-5671,[-1119;10223],(124.6%),(obscured;zero)
23391,4545+-5671,[-1126;10216],(124.8%),(obscured;zero)
393427,4540+-5671,[-1131;10211],(124.9%),(obscured;zero)
136585,4534+-5671,[-1137;10205],(125.1%),(obscured;zero)
267647,4531+-5671,[-1140;10202],(125.2%),(obscured;zero)
12715,4520+-5671,[-1151;10191],(125.5%),(obscured;zero)
132694,4520+-5671,[-1151;10191],(125.5%),(obscured;zero)
22764,4517+-5671,[-1154;10188],(125.5%),(obscured;zero)
10294,4500+-5671,[-1171;10171],(126.0%),(obscured;zero)
36915,4496+-5671,[-1175;10167],(126.1%),(obscured;zero)
21592,4481+-5671,[-1190;10152],(126.6%),(obscured;zero)
9299,4474+-5671,[-1197;10145],(126.8%),(obscured;zero)
49253,4465+-5671,[-1206;10136],(127.0%),(obscured;zero)
4750,4454+-5671,[-1217;10125],(127.3%),(obscured;zero)
3181,4452+-5671,[-1219;10123],(127.4%),(obscured;zero)
55315,4447+-5671,[-1224;10118],(127.5%),(obscured;zero)
10184,4434+-5671,[-1237;10105],(127.9%),(obscured;zero)
39551,4430+-5671,[-1241;10101],(128.0%),(obscured;zero)
41473,4392+-5671,[-1279;10063],(129.1%),(obscured;zero)
56772,4376+-5671,[-1295;10047],(129.6%),(obscured;zero)
132453,4361+-5671,[-1310;10032],(130.0%),(obscured;zero)
36939,4358+-5671,[-1313;10029],(130.1%),(obscured;zero)
204175,4355+-5671,[-1316;10026],(130.2%),(obscured;zero)
31815,4337+-5671,[-1334;10008],(130.8%),(obscured;zero)
200059,4310+-5671,[-1361;9981],(131.6%),(obscured;zero)
46536,4302+-5671,[-1369;9973],(131.8%),(obscured;zero)
16114,4288+-5671,[-1383;9959],(132.3%),(obscured;zero)
57353,4267+-5671,[-1404;9938],(132.9%),(obscured;zero)
36351,4263+-5671,[-1408;9934],(133.0%),(obscured;zero)
262997,4239+-5671,[-1432;9910],(133.8%),(obscured;zero)
9800,4224+-5671,[-1447;9895],(134.3%),(obscured;zero)
27541,4198+-5671,[-1473;9869],(135.1%),(obscured;zero)
133404,4186+-5671,[-1485;9857],(135.5%),(obscured;zero)
203126,4181+-5671,[-1490;9852],(135.6%),(obscured;zero)
28408,4174+-5671,[-1497;9845],(135.9%),(obscured;zero)
58067,4168+-5671,[-1503;9839],(136.1%),(obscured;zero)
49739,4087+-5671,[-1584;9758],(138.8%),(obscured;zero)
27297,4059+-5671,[-1612;9730],(139.7%),(obscured;zero)
136480,4046+-5671,[-1625;9717],(140.2%),(obscured;zero)
24757,4039+-5671,[-1632;9710],(140.4%),(obscured;zero)
30479,3984+-5671,[-1687;9655],(142.3%),(obscured;zero)
62318,3980+-5671,[-1691;9651],(142.5%),(obscured;zero)
263981,3971+-5671,[-1700;9642],(142.8%),(obscured;zero)
41704,3968+-5671,[-1703;9639],(142.9%),(obscured;zero)
6712,3953+-5671,[-1718;9624],(143.5%),(obscured;zero)
12722,3941+-5671,[-1730;9612],(143.9%),(obscured;zero)
42696,3914+-5671,[-1757;9585],(144.9%),(obscured;zero)
32377,3903+-5671,[-1768;9574],(145.3%),(obscured;zero)
5555,3888+-5671,[-1783;9559],(145.9%),(obscured;zero)
55237,3888+-5671,[-1783;9559],(145.9%),(obscured;zero)
265124,3859+-5671,[-1812;9530],(147.0%),(obscured;zero)
40711,3849+-5671,[-1822;9520],(147.3%),(obscured;zero)
44702,3846+-5671,[-1825;9517],(147.5%),(obscured;zero)
40095,3845+-5671,[-1826;9516],(147.5%),(obscured;zero)
264788,3825+-5671,[-1846;9496],(148.3%),(obscured;zero)
10988,3817+-5671,[-1854;9488],(148.6%),(obscured;zero)
17639,3798+-5671,[-1873;9469],(149.3%),(obscured;zero)
58256,3798+-5671,[-1873;9469],(149.3%),(obscured;zero)
2043,3797+-5671,[-1874;9468],(149.4%),(obscured;zero)
8075,3797+-5671,[-1874;9468],(149.4%),(obscured;zero)
43678,3789+-5671,[-1882;9460],(149.7%),(obscured;zero)
11758,3770+-5671,[-1901;9441],(150.4%),(obscured;zero)
48736,3768+-5671,[-1903;9439],(150.5%),(obscured;zero)
61701,3757+-5671,[-1914;9428],(150.9%),(obscured;zero)
39293,3742+-5671,[-1929;9413],(151.5%),(obscured;zero)
19002,3741+-5671,[-1930;9412],(151.6%),(obscured;zero)
53989,3735+-5671,[-1936;9406],(151.8%),(obscured;zero)
203610,3735+-5671,[-1936;9406],(151.8%),(obscured;zero)
39612,3731+-5671,[-1940;9402],(152.0%),(obscured;zero)
14389,3714+-5671,[-1957;9385],(152.7%),(obscured;zero)
131224,3646+-5671,[-2025;9317],(155.5%),(obscured;zero)
17729,3630+-5671,[-2041;9301],(156.2%),(obscured;zero)
52660,3625+-5671,[-2046;9296],(156.4%),(obscured;zero)
24481,3623+-5671,[-2048;9294],(156.5%),(obscured;zero)
60019,3621+-5671,[-2050;9292],(156.6%),(obscured;zero)
201466,3591+-5671,[-2080;9262],(157.9%),(obscured;zero)
48693,3588+-5671,[-2083;9259],(158.1%),(obscured;zero)
46433,3580+-5671,[-2091;9251],(158.4%),(obscured;zero)
49753,3579+-5671,[-2092;9250],(158.5%),(obscured;zero)
32423,3572+-5671,[-2099;9243],(158.8%),(obscured;zero)
37623,3569+-5671,[-2102;9240],(158.9%),(obscured;zero)
30633,3563+-5671,[-2108;9234],(159.2%),(obscured;zero)
11921,3524+-5671,[-2147;9195],(160.9%),(obscured;zero)
267486,3513+-5671,[-2158;9184],(161.4%),(obscured;zero)
46034,3503+-5671,[-2168;9174],(161.9%),(obscured;zero)
395077,3491+-5671,[-2180;9162],(162.4%),(obscured;zero)
46598,3488+-5671,[-2183;9159],(162.6%),(obscured;zero)
31145,3452+-5671,[-2219;9123],(164.3%),(obscured;zero)
395826,3447+-5671,[-2224;9118],(164.5%),(obscured;zero)
51877,3435+-5671,[-2236;9106],(165.1%),(obscured;zero)
16524,3407+-5671,[-2264;9078],(166.5%),(obscured;zero)
46152,3407+-5671,[-2264;9078],(166.5%),(obscured;zero)
10234,3405+-5671,[-2266;9076],(166.5%),(obscured;zero)
12984,3402+-5671,[-2269;9073],(166.7%),(obscured;zero)
197685,3397+-5671,[-2274;9068],(166.9%),(obscured;zero)
17352,3395+-5671,[-2276;9066],(167.0%),(obscured;zero)
56710,3392+-5671,[-2279;9063],(167.2%),(obscured;zero)
60977,3391+-5671,[-2280;9062],(167.2%),(obscured;zero)
10196,3383+-5671,[-2288;9054],(167.6%),(obscured;zero)
18136,3382+-5671,[-2289;9053],(167.7%),(obscured;zero)
29069,3359+-5671,[-2312;9030],(168.8%),(obscured;zero)
1830,3329+-5671,[-2342;9000],(170.4%),(obscured;zero)
43981,3315+-5671,[-2356;8986],(171.1%),(obscured;zero)
46227,3310+-5671,[-2361;8981],(171.3%),(obscured;zero)
61769,3309+-5671,[-2362;8980],(171.4%),(obscured;zero)
61754,3288+-5671,[-2383;8959],(172.5%),(obscured;zero)
47442,3284+-5671,[-2387;8955],(172.7%),(obscured;zero)
39377,3278+-5671,[-2393;8949],(173.0%),(obscured;zero)
62901,3278+-5671,[-2393;8949],(173.0%),(obscured;zero)
44690,3277+-5671,[-2394;8948],(173.1%),(obscured;zero)
4717,3271+-5671,[-2400;8942],(173.4%),(obscured;zero)
132098,3261+-5671,[-2410;8932],(173.9%),(obscured;zero)
40572,3252+-5671,[-2419;8923],(174.4%),(obscured;zero)
64406,3252+-5671,[-2419;8923],(174.4%),(obscured;zero)
42022,3250+-5671,[-2421;8921],(174.5%),(obscured;zero)
136423,3240+-5671,[-2431;8911],(175.0%),(obscured;zero)
21645,3220+-5671,[-2451;8891],(176.1%),(obscured;zero)
12750,3215+-5671,[-2456;8886],(176.4%),(obscured;zero)
13734,3185+-5671,[-2486;8856],(178.1%),(obscured;zero)
23033,3175+-5671,[-2496;8846],(178.6%),(obscured;zero)
265303,3174+-5671,[-2497;8845],(178.7%),(obscured;zero)
201642,3172+-5671,[-2499;8843],(178.8%),(obscured;zero)
395651,3161+-5671,[-2510;8832],(179.4%),(obscured;zero)
25472,3151+-5671,[-2520;8822],(180.0%),(obscured;zero)
262589,3143+-5671,[-2528;8814],(180.4%),(obscured;zero)
27363,3129+-5671,[-2542;8800],(181.2%),(obscured;zero)
19131,3112+-5671,[-2559;8783],(182.2%),(obscured;zero)
393351,3107+-5671,[-2564;8778],(182.5%),(obscured;zero)
54795,3106+-5671,[-2565;8777],(182.6%),(obscured;zero)
59580,3103+-5671,[-2568;8774],(182.8%),(obscured;zero)
29802,3100+-5671,[-2571;8771],(182.9%),(obscured;zero)
49712,3084+-5671,[-2587;8755],(183.9%),(obscured;zero)
394118,3055+-5671,[-2616;8726],(185.6%),(obscured;zero)
51672,3054+-5671,[-2617;8725],(185.7%),(obscured;zero)
50879,3051+-5671,[-2620;8722],(185.9%),(obscured;zero)
69017,3049+-5671,[-2622;8720],(186.0%),(obscured;zero)
26985,3047+-5671,[-2624;8718],(186.1%),(obscured;zero)
203208,3036+-5671,[-2635;8707],(186.8%),(obscured;zero)
136618,3031+-5671,[-2640;8702],(187.1%),(obscured;zero)
265093,3018+-5671,[-2653;8689],(187.9%),(obscured;zero)
3298,3014+-5671,[-2657;8685],(188.2%),(obscured;zero)
37505,3005+-5671,[-2666;8676],(188.7%),(obscured;zero)
395949,3001+-5671,[-2670;8672],(189.0%),(obscured;zero)
33596,2999+-5671,[-2672;8670],(189.1%),(obscured;zero)
23365,2995+-5671,[-2676;8666],(189.3%),(obscured;zero)
26599,2991+-5671,[-2680;8662],(189.6%),(obscured;zero)
15645,2980+-5671,[-2691;8651],(190.3%),(obscured;zero)
51681,2962+-5671,[-2709;8633],(191.5%),(obscured;zero)
55508,2937+-5671,[-2734;8608],(193.1%),(obscured;zero)
17858,2927+-5671,[-2744;8598],(193.7%),(obscured;zero)
50142,2920+-5671,[-2751;8591],(194.2%),(obscured;zero)
19117,2912+-5671,[-2759;8583],(194.7%),(obscured;zero)
37035,2911+-5671,[-2760;8582],(194.8%),(obscured;zero)
60378,2900+-5671,[-2771;8571],(195.6%),(obscured;zero)
31585,2889+-5671,[-2782;8560],(196.3%),(obscured;zero)
15304,2876+-5671,[-2795;8547],(197.2%),(obscured;zero)
11144,2871+-5671,[-2800;8542],(197.5%),(obscured;zero)
47645,2870+-5671,[-2801;8541],(197.6%),(obscured;zero)
395478,2869+-5671,[-2802;8540],(197.7%),(obscured;zero)
131435,2859+-5671,[-2812;8530],(198.4%),(obscured;zero)
37906,2840+-5671,[-2831;8511],(199.7%),(obscured;zero)
47841,2822+-5671,[-2849;8493],(201.0%),(obscured;zero)
8422,2815+-5671,[-2856;8486],(201.5%),(obscured;zero)
291,2811+-5671,[-2860;8482],(201.7%),(obscured;zero)
44081,2802+-5671,[-2869;8473],(202.4%),(obscured;zero)
51653,2797+-5671,[-2874;8468],(202.8%),(obscured;zero)
11956,2795+-5671,[-2876;8466],(202.9%),(obscured;zero)
62646,2785+-5671,[-2886;8456],(203.6%),(obscured;zero)
26277,2762+-5671,[-2909;8433],(205.3%),(obscured;zero)
21288,2750+-5671,[-2921;8421],(206.2%),(obscured;zero)
394672,2741+-5671,[-2930;8412],(206.9%),(obscured;zero)
1267,2733+-5671,[-2938;8404],(207.5%),(obscured;zero)
17080,2718+-5671,[-2953;8389],(208.6%),(obscured;zero)
206281,2711+-5671,[-2960;8382],(209.2%),(obscured;zero)
56982,2705+-5671,[-2966;8376],(209.6%),(obscured;zero)
13462,2678+-5671,[-2993;8349],(211.8%),(obscured;zero)
39719,2668+-5671,[-3003;8339],(212.6%),(obscured;zero)
26118,2659+-5671,[-3012;8330],(213.3%),(obscured;zero)
8382,2652+-5671,[-3019;8323],(213.8%),(obscured;zero)
59491,2650+-5671,[-3021;8321],(214.0%),(obscured;zero)
27358,2631+-5671,[-3040;8302],(215.5%),(obscured;zero)
266518,2627+-5671,[-3044;8298],(215.9%),(obscured;zero)
45267,2624+-5671,[-3047;8295],(216.1%),(obscured;zero)
131895,2614+-5671,[-3057;8285],(216.9%),(obscured;zero)
13491,2601+-5671,[-3070;8272],(218.0%),(obscured;zero)
24562,2571+-5671,[-3100;8242],(220.6%),(obscured;zero)
199226,2570+-5671,[-3101;8241],(220.7%),(obscured;zero)
133093,2556+-5671,[-3115;8227],(221.9%),(obscured;zero)
36274,2552+-5671,[-3119;8223],(222.2%),(obscured;zero)
60744,2545+-5671,[-3126;8216],(222.8%),(obscured;zero)
267466,2539+-5671,[-3132;8210],(223.4%),(obscured;zero)
133953,2533+-5671,[-3138;8204],(223.9%),(obscured;zero)
44291,2527+-5671,[-3144;8198],(224.4%),(obscured;zero)
57456,2524+-5671,[-3147;8195],(224.7%),(obscured;zero)
48870,2523+-5671,[-3148;8194],(224.8%),(obscured;zero)
200161,2518+-5671,[-3153;8189],(225.2%),(obscured;zero)
44225,2516+-5671,[-3155;8187],(225.4%),(obscured;zero)
196686,2516+-5671,[-3155;8187],(225.4%),(obscured;zero)
49964,2502+-5671,[-3169;8173],(226.7%),(obscured;zero)
30536,2499+-5671,[-3172;8170],(226.9%),(obscured;zero)
10835,2497+-5671,[-3174;8168],(227.1%),(obscured;zero)
39221,2494+-5671,[-3177;8165],(227.4%),(obscured;zero)
262803,2492+-5671,[-3179;8163],(227.6%),(obscured;zero)
17014,2459+-5671,[-3212;8130],(230.6%),(obscured;zero)
15605,2458+-5671,[-3213;8129],(230.7%),(obscured;zero)
59765,2450+-5671,[-3221;8121],(231.5%),(obscured;zero)
131293,2450+-5671,[-3221;8121],(231.5%),(obscured;zero)
51731,2448+-5671,[-3223;8119],(231.7%),(obscured;zero)
56545,2448+-5671,[-3223;8119],(231.7%),(obscured;zero)
266562,2444+-5671,[-3227;8115],(232.0%),(obscured;zero)
16640,2441+-5671,[-3230;8112],(232.3%),(obscured;zero)
267523,2431+-5671,[-3240;8102],(233.3%),(obscured;zero)
33470,2424+-5671,[-3247;8095],(234.0%),(obscured;zero)
18167,2397+-5671,[-3274;8068],(236.6%),(obscured;zero)
52363,2395+-5671,[-3276;8066],(236.8%),(obscured;zero)
1125,2379+-5671,[-3292;8050],(238.4%),(obscured;zero)
16326,2360+-5671,[-3311;8031],(240.3%),(obscured;zero)
28164,2360+-5671,[-3311;8031],(240.3%),(obscured;zero)
27047,2356+-5671,[-3315;8027],(240.7%),(obscured;zero)
53444,2353+-5671,[-3318;8024],(241.0%),(obscured;zero)
201727,2349+-5671,[-3322;8020],(241.4%),(obscured;zero)
46562,2347+-5671,[-3324;8018],(241.6%),(obscured;zero)
197415,2346+-5671,[-3325;8017],(241.7%),(obscured;zero)
49381,2345+-5671,[-3326;8016],(241.8%),(obscured;zero)
21578,2325+-5671,[-3346;7996],(243.9%),(obscured;zero)
28785,2324+-5671,[-3347;7995],(244.0%),(obscured;zero)
36844,2323+-5671,[-3348;7994],(244.1%),(obscured;zero)
263596,2315+-5671,[-3356;7986],(245.0%),(obscured;zero)
48087,2309+-5671,[-3362;7980],(245.6%),(obscured;zero)
202033,2309+-5671,[-3362;7980],(245.6%),(obscured;zero)
10952,2297+-5671,[-3374;7968],(246.9%),(obscured;zero)
4671,2296+-5671,[-3375;7967],(247.0%),(obscured;zero)
264176,2295+-5671,[-3376;7966],(247.1%),(obscured;zero)
44521,2293+-5671,[-3378;7964],(247.3%),(obscured;zero)
206647,2292+-5671,[-3379;7963],(247.4%),(obscured;zero)
58715,2272+-5671,[-3399;7943],(249.6%),(obscured;zero)
205511,2271+-5671,[-3400;7942],(249.7%),(obscured;zero)
39508,2268+-5671,[-3403;7939],(250.0%),(obscured;zero)
23248,2265+-5671,[-3406;7936],(250.4%),(obscured;zero)
266466,2260+-5671,[-3411;7931],(250.9%),(obscured;zero)
44603,2247+-5671,[-3424;7918],(252.4%),(obscured;zero)
60687,2244+-5671,[-3427;7915],(252.7%),(obscured;zero)
13438,2234+-5671,[-3437;7905],(253.8%),(obscured;zero)
36249,2227+-5671,[-3444;7898],(254.6%),(obscured;zero)
42162,2224+-5671,[-3447;7895],(255.0%),(obscured;zero)
47877,2220+-5671,[-3451;7891],(255.5%),(obscured;zero)
14890,2217+-5671,[-3454;7888],(255.8%),(obscured;zero)
45324,2217+-5671,[-3454;7888],(255.8%),(obscured;zero)
51274,2202+-5671,[-3469;7873],(257.5%),(obscured;zero)
38372,2201+-5671,[-3470;7872],(257.7%),(obscured;zero)
1379,2198+-5671,[-3473;7869],(258.0%),(obscured;zero)
26484,2191+-5671,[-3480;7862],(258.8%),(obscured;zero)
265256,2186+-5671,[-3485;7857],(259.4%),(obscured;zero)
27663,2183+-5671,[-3488;7854],(259.8%),(obscured;zero)
17853,2182+-5671,[-3489;7853],(259.9%),(obscured;zero)
395557,2178+-5671,[-3493;7849],(260.4%),(obscured;zero)
199086,2176+-5671,[-3495;7847],(260.6%),(obscured;zero)
136952,2168+-5671,[-3503;7839],(261.6%),(obscured;zero)
21655,2162+-5671,[-3509;7833],(262.3%),(obscured;zero)
44604,2162+-5671,[-3509;7833],(262.3%),(obscured;zero)
14112,2143+-5671,[-3528;7814],(264.6%),(obscured;zero)
46627,2143+-5671,[-3528;7814],(264.6%),(obscured;zero)
44725,2140+-5671,[-3531;7811],(265.0%),(obscured;zero)
24248,2137+-5671,[-3534;7808],(265.4%),(obscured;zero)
26522,2137+-5671,[-3534;7808],(265.4%),(obscured;zero)
52004,2134+-5671,[-3537;7805],(265.7%),(obscured;zero)
393605,2133+-5671,[-3538;7804],(265.9%),(obscured;zero)
14323,2124+-5671,[-3547;7795],(267.0%),(obscured;zero)
26335,2122+-5671,[-3549;7793],(267.2%),(obscured;zero)
28412,2121+-5671,[-3550;7792],(267.4%),(obscured;zero)
11579,2113+-5671,[-3558;7784],(268.4%),(obscured;zero)
10099,2106+-5671,[-3565;7777],(269.3%),(obscured;zero)
43781,2099+-5671,[-3572;7770],(270.2%),(obscured;zero)
203882,2099+-5671,[-3572;7770],(270.2%),(obscured;zero)
84,2090+-5671,[-3581;7761],(271.3%),(obscured;zero)
50446,2090+-5671,[-3581;7761],(271.3%),(obscured;zero)
36985,2084+-5671,[-3587;7755],(272.1%),(obscured;zero)
11426,2071+-5671,[-3600;7742],(273.8%),(obscured;zero)
29214,2069+-5671,[-3602;7740],(274.1%),(obscured;zero)
202220,2061+-5671,[-3610;7732],(275.2%),(obscured;zero)
38496,2055+-5671,[-3616;7726],(276.0%),(obscured;zero)
14066,2051+-5671,[-3620;7722],(276.5%),(obscured;zero)
56923,2050+-5671,[-3621;7721],(276.6%),(obscured;zero)
34389,2026+-5671,[-3645;7697],(279.9%),(obscured;zero)
197765,2024+-5671,[-3647;7695],(280.2%),(obscured;zero)
46692,2017+-5671,[-3654;7688],(281.2%),(obscured;zero)
10685,2009+-5671,[-3662;7680],(282.3%),(obscured;zero)
198992,2009+-5671,[-3662;7680],(282.3%),(obscured;zero)
54875,2008+-5671,[-3663;7679],(282.4%),(obscured;zero)
135411,2005+-5671,[-3666;7676],(282.8%),(obscured;zero)
201964,2004+-5671,[-3667;7675],(283.0%),(obscured;zero)
24098,1995+-5671,[-3676;7666],(284.3%),(obscured;zero)
48892,1961+-5671,[-3710;7632],(289.2%),(obscured;zero)
132578,1947+-5671,[-3724;7618],(291.3%),(obscured;zero)
22227,1943+-5671,[-3728;7614],(291.9%),(obscured;zero)
39320,1939+-5671,[-3732;7610],(292.5%),(obscured;zero)
133612,1908+-5671,[-3763;7579],(297.2%),(obscured;zero)
198902,1902+-5671,[-3769;7573],(298.2%),(obscured;zero)
395621,1901+-5671,[-3770;7572],(298.3%),(obscured;zero)
58725,1895+-5671,[-3776;7566],(299.3%),(obscured;zero)
31869,1894+-5671,[-3777;7565],(299.4%),(obscured;zero)
62872,1891+-5671,[-3780;7562],(299.9%),(obscured;zero)
10653,1882+-5671,[-3789;7553],(301.3%),(obscured;zero)
263986,1879+-5671,[-3792;7550],(301.8%),(obscured;zero)
45019,1873+-5671,[-3798;7544],(302.8%),(obscured;zero)
51727,1873+-5671,[-3798;7544],(302.8%),(obscured;zero)
57693,1872+-5671,[-3799;7543],(302.9%),(obscured;zero)
40555,1867+-5671,[-3804;7538],(303.7%),(obscured;zero)
64024,1858+-5671,[-3813;7529],(305.2%),(obscured;zero)
202819,1855+-5671,[-3816;7526],(305.7%),(obscured;zero)
11521,1850+-5671,[-3821;7521],(306.5%),(obscured;zero)
2147,1841+-5671,[-3830;7512],(308.0%),(obscured;zero)
20799,1830+-5671,[-3841;7501],(309.9%),(obscured;zero)
54706,1821+-5671,[-3850;7492],(311.4%),(obscured;zero)
56667,1819+-5671,[-3852;7490],(311.8%),(obscured;zero)
11352,1808+-5671,[-3863;7479],(313.7%),(obscured;zero)
57169,1804+-5671,[-3867;7475],(314.4%),(obscured;zero)
395040,1794+-5671,[-3877;7465],(316.1%),(obscured;zero)
132015,1773+-5671,[-3898;7444],(319.9%),(obscured;zero)
34170,1768+-5671,[-3903;7439],(320.8%),(obscured;zero)
42617,1764+-5671,[-3907;7435],(321.5%),(obscured;zero)
56760,1755+-5671,[-3916;7426],(323.1%),(obscured;zero)
19666,1752+-5671,[-3919;7423],(323.7%),(obscured;zero)
40626,1749+-5671,[-3922;7420],(324.2%),(obscured;zero)
31,1740+-5671,[-3931;7411],(325.9%),(obscured;zero)
134634,1736+-5671,[-3935;7407],(326.7%),(obscured;zero)
38320,1733+-5671,[-3938;7404],(327.2%),(obscured;zero)
198098,1732+-5671,[-3939;7403],(327.4%),(obscured;zero)
136948,1717+-5671,[-3954;7388],(330.3%),(obscured;zero)
264970,1712+-5671,[-3959;7383],(331.2%),(obscured;zero)
57881,1703+-5671,[-3968;7374],(333.0%),(obscured;zero)
135691,1699+-5671,[-3972;7370],(333.8%),(obscured;zero)
35663,1694+-5671,[-3977;7365],(334.8%),(obscured;zero)
55163,1693+-5671,[-3978;7364],(335.0%),(obscured;zero)
23250,1690+-5671,[-3981;7361],(335.6%),(obscured;zero)
264443,1683+-5671,[-3988;7354],(337.0%),(obscured;zero)
40715,1680+-5671,[-3991;7351],(337.6%),(obscured;zero)
36807,1673+-5671,[-3998;7344],(339.0%),(obscured;zero)
42729,1673+-5671,[-3998;7344],(339.0%),(obscured;zero)
201886,1671+-5671,[-4000;7342],(339.4%),(obscured;zero)
264291,1664+-5671,[-4007;7335],(340.8%),(obscured;zero)
48159,1660+-5671,[-4011;7331],(341.6%),(obscured;zero)
10227,1643+-5671,[-4028;7314],(345.2%),(obscured;zero)
62585,1626+-5671,[-4045;7297],(348.8%),(obscured;zero)
201968,1620+-5671,[-4051;7291],(350.1%),(obscured;zero)
42195,1619+-5671,[-4052;7290],(350.3%),(obscured;zero)
11025,1612+-5671,[-4059;7283],(351.8%),(obscured;zero)
60163,1607+-5671,[-4064;7278],(352.9%),(obscured;zero)
132089,1603+-5671,[-4068;7274],(353.8%),(obscured;zero)
24111,1599+-5671,[-4072;7270],(354.7%),(obscured;zero)
34674,1596+-5671,[-4075;7267],(355.3%),(obscured;zero)
136257,1586+-5671,[-4085;7257],(357.6%),(obscured;zero)
202230,1584+-5671,[-4087;7255],(358.0%),(obscured;zero)
5483,1583+-5671,[-4088;7254],(358.2%),(obscured;zero)
1403,1578+-5671,[-4093;7249],(359.4%),(obscured;zero)
263635,1570+-5671,[-4101;7241],(361.2%),(obscured;zero)
41363,1550+-5671,[-4121;7221],(365.9%),(obscured;zero)
51794,1549+-5671,[-4122;7220],(366.1%),(obscured;zero)
24818,1546+-5671,[-4125;7217],(366.8%),(obscured;zero)
33202,1531+-5671,[-4140;7202],(370.4%),(obscured;zero)
48532,1522+-5671,[-4149;7193],(372.6%),(obscured;zero)
15271,1516+-5671,[-4155;7187],(374.1%),(obscured;zero)
201355,1506+-5671,[-4165;7177],(376.6%),(obscured;zero)
13918,1492+-5671,[-4179;7163],(380.1%),(obscured;zero)
132901,1489+-5671,[-4182;7160],(380.9%),(obscured;zero)
26577,1485+-5671,[-4186;7156],(381.9%),(obscured;zero)
264600,1479+-5671,[-4192;7150],(383.4%),(obscured;zero)
50458,1475+-5671,[-4196;7146],(384.5%),(obscured;zero)
24349,1473+-5671,[-4198;7144],(385.0%),(obscured;zero)
199092,1468+-5671,[-4203;7139],(386.3%),(obscured;zero)
207036,1465+-5671,[-4206;7136],(387.1%),(obscured;zero)
40160,1464+-5671,[-4207;7135],(387.4%),(obscured;zero)
205522,1462+-5671,[-4209;7133],(387.9%),(obscured;zero)
46954,1455+-5671,[-4216;7126],(389.8%),(obscured;zero)
206460,1455+-5671,[-4216;7126],(389.8%),(obscured;zero)
50288,1442+-5671,[-4229;7113],(393.3%),(obscured;zero)
4670,1438+-5671,[-4233;7109],(394.4%),(obscured;zero)
61338,1429+-5671,[-4242;7100],(396.9%),(obscured;zero)
59659,1425+-5671,[-4246;7096],(398.0%),(obscured;zero)
46775,1423+-5671,[-4248;7094],(398.5%),(obscured;zero)
62423,1407+-5671,[-4264;7078],(403.1%),(obscured;zero)
38484,1395+-5671,[-4276;7066],(406.5%),(obscured;zero)
23105,1393+-5671,[-4278;7064],(407.1%),(obscured;zero)
48613,1384+-5671,[-4287;7055],(409.8%),(obscured;zero)
204108,1383+-5671,[-4288;7054],(410.1%),(obscured;zero)
196978,1380+-5671,[-4291;7051],(410.9%),(obscured;zero)
43828,1373+-5671,[-4298;7044],(413.0%),(obscured;zero)
394390,1372+-5671,[-4299;7043],(413.3%),(obscured;zero)
38533,1370+-5671,[-4301;7041],(413.9%),(obscured;zero)
55180,1343+-5671,[-4328;7014],(422.3%),(obscured;zero)
51394,1332+-5671,[-4339;7003],(425.8%),(obscured;zero)
53255,1326+-5671,[-4345;6997],(427.7%),(obscured;zero)
53692,1320+-5671,[-4351;6991],(429.6%),(obscured;zero)
28753,1315+-5671,[-4356;6986],(431.3%),(obscured;zero)
262979,1302+-5671,[-4369;6973],(435.6%),(obscured;zero)
62087,1295+-5671,[-4376;6966],(437.9%),(obscured;zero)
18080,1289+-5671,[-4382;6960],(440.0%),(obscured;zero)
37272,1289+-5671,[-4382;6960],(440.0%),(obscured;zero)
49076,1289+-5671,[-4382;6960],(440.0%),(obscured;zero)
21111,1283+-5671,[-4388;6954],(442.0%),(obscured;zero)
60238,1274+-5671,[-4397;6945],(445.1%),(obscured;zero)
24608,1268+-5671,[-4403;6939],(447.2%),(obscured;zero)
2641,1257+-5671,[-4414;6928],(451.2%),(obscured;zero)
28678,1255+-5671,[-4416;6926],(451.9%),(obscured;zero)
52927,1248+-5671,[-4423;6919],(454.4%),(obscured;zero)
197454,1248+-5671,[-4423;6919],(454.4%),(obscured;zero)
36197,1236+-5671,[-4435;6907],(458.8%),(obscured;zero)
46401,1233+-5671,[-4438;6904],(459.9%),(obscured;zero)
5432,1231+-5671,[-4440;6902],(460.7%),(obscured;zero)
198063,1221+-5671,[-4450;6892],(464.5%),(obscured;zero)
327720,1202+-5671,[-4469;6873],(471.8%),(obscured;zero)
30559,1196+-5671,[-4475;6867],(474.2%),(obscured;zero)
205933,1196+-5671,[-4475;6867],(474.2%),(obscured;zero)
31091,1195+-5671,[-4476;6866],(474.6%),(obscured;zero)
393542,1192+-5671,[-4479;6863],(475.8%),(obscured;zero)
51973,1190+-5671,[-4481;6861],(476.6%),(obscured;zero)
33574,1184+-5671,[-4487;6855],(479.0%),(obscured;zero)
28613,1180+-5671,[-4491;6851],(480.6%),(obscured;zero)
29721,1177+-5671,[-4494;6848],(481.8%),(obscured;zero)
53326,1174+-5671,[-4497;6845],(483.0%),(obscured;zero)
394129,1174+-5671,[-4497;6845],(483.0%),(obscured;zero)
53386,1169+-5671,[-4502;6840],(485.1%),(obscured;zero)
48063,1159+-5671,[-4512;6830],(489.3%),(obscured;zero)
34942,1158+-5671,[-4513;6829],(489.7%),(obscured;zero)
206569,1149+-5671,[-4522;6820],(493.6%),(obscured;zero)
29714,1147+-5671,[-4524;6818],(494.4%),(obscured;zero)
18843,1145+-5671,[-4526;6816],(495.3%),(obscured;zero)
264526,1145+-5671,[-4526;6816],(495.3%),(obscured;zero)
52964,1142+-5671,[-4529;6813],(496.6%),(obscured;zero)
44302,1141+-5671,[-4530;6812],(497.0%),(obscured;zero)
53985,1139+-5671,[-4532;6810],(497.9%),(obscured;zero)
28526,1130+-5671,[-4541;6801],(501.9%),(obscured;zero)
202800,1130+-5671,[-4541;6801],(501.9%),(obscured;zero)
7055,1124+-5671,[-4547;6795],(504.5%),(obscured;zero)
47291,1123+-5671,[-4548;6794],(505.0%),(obscured;zero)
37236,1120+-5671,[-4551;6791],(506.3%),(obscured;zero)
5413,1118+-5671,[-4553;6789],(507.2%),(obscured;zero)
58622,1117+-5671,[-4554;6788],(507.7%),(obscured;zero)
38760,1113+-5671,[-4558;6784],(509.5%),(obscured;zero)
18037,1108+-5671,[-4563;6779],(511.8%),(obscured;zero)
63001,1108+-5671,[-4563;6779],(511.8%),(obscured;zero)
266607,1107+-5671,[-4564;6778],(512.3%),(obscured;zero)
263341,1102+-5671,[-4569;6773],(514.6%),(obscured;zero)
42604,1099+-5671,[-4572;6770],(516.0%),(obscured;zero)
197943,1097+-5671,[-4574;6768],(517.0%),(obscured;zero)
393901,1084+-5671,[-4587;6755],(523.2%),(obscured;zero)
22690,1074+-5671,[-4597;6745],(528.0%),(obscured;zero)
33730,1072+-5671,[-4599;6743],(529.0%),(obscured;zero)
262215,1069+-5671,[-4602;6740],(530.5%),(obscured;zero)
28827,1061+-5671,[-4610;6732],(534.5%),(obscured;zero)
137023,1060+-5671,[-4611;6731],(535.0%),(obscured;zero)
27412,1057+-5671,[-4614;6728],(536.5%),(obscured;zero)
49605,1057+-5671,[-4614;6728],(536.5%),(obscured;zero)
1676,1048+-5671,[-4623;6719],(541.1%),(obscured;zero)
41938,1048+-5671,[-4623;6719],(541.1%),(obscured;zero)
29915,1047+-5671,[-4624;6718],(541.6%),(obscured;zero)
17126,1045+-5671,[-4626;6716],(542.7%),(obscured;zero)
60295,1044+-5671,[-4627;6715],(543.2%),(obscured;zero)
49313,1035+-5671,[-4636;6706],(547.9%),(obscured;zero)
20699,1033+-5671,[-4638;6704],(549.0%),(obscured;zero)
8612,1022+-5671,[-4649;6693],(554.9%),(obscured;zero)
48679,1017+-5671,[-4654;6688],(557.6%),(obscured;zero)
265664,1016+-5671,[-4655;6687],(558.2%),(obscured;zero)
40806,1015+-5671,[-4656;6686],(558.7%),(obscured;zero)
28630,1012+-5671,[-4659;6683],(560.4%),(obscured;zero)
30900,1010+-5671,[-4661;6681],(561.5%),(obscured;zero)
264446,998+-5671,[-4673;6669],(568.2%),(obscured;zero)
22575,990+-5671,[-4681;6661],(572.8%),(obscured;zero)
1567,983+-5671,[-4688;6654],(576.9%),(obscured;zero)
45559,981+-5671,[-4690;6652],(578.1%),(obscured;zero)
56175,980+-5671,[-4691;6651],(578.7%),(obscured;zero)
265932,979+-5671,[-4692;6650],(579.3%),(obscured;zero)
53767,978+-5671,[-4693;6649],(579.9%),(obscured;zero)
198757,973+-5671,[-4698;6644],(582.8%),(obscured;zero)
21159,962+-5671,[-4709;6633],(589.5%),(obscured;zero)
2903,961+-5671,[-4710;6632],(590.1%),(obscured;zero)
2680,953+-5671,[-4718;6624],(595.1%),(obscured;zero)
133615,949+-5671,[-4722;6620],(597.6%),(obscured;zero)
58276,947+-5671,[-4724;6618],(598.8%),(obscured;zero)
60930,938+-5671,[-4733;6609],(604.6%),(obscured;zero)
14877,933+-5671,[-4738;6604],(607.8%),(obscured;zero)
264321,930+-5671,[-4741;6601],(609.8%),(obscured;zero)
266159,926+-5671,[-4745;6597],(612.4%),(obscured;zero)
52667,912+-5671,[-4759;6583],(621.8%),(obscured;zero)
54778,911+-5671,[-4760;6582],(622.5%),(obscured;zero)
48045,897+-5671,[-4774;6568],(632.2%),(obscured;zero)
8660,894+-5671,[-4777;6565],(634.3%),(obscured;zero)
58650,894+-5671,[-4777;6565],(634.3%),(obscured;zero)
22504,889+-5671,[-4782;6560],(637.9%),(obscured;zero)
62201,886+-5671,[-4785;6557],(640.1%),(obscured;zero)
44020,882+-5671,[-4789;6553],(643.0%),(obscured;zero)
203975,882+-5671,[-4789;6553],(643.0%),(obscured;zero)
29708,871+-5671,[-4800;6542],(651.1%),(obscured;zero)
53002,871+-5671,[-4800;6542],(651.1%),(obscured;zero)
264112,870+-5671,[-4801;6541],(651.8%),(obscured;zero)
49350,865+-5671,[-4806;6536],(655.6%),(obscured;zero)
15668,861+-5671,[-4810;6532],(658.7%),(obscured;zero)
26946,856+-5671,[-4815;6527],(662.5%),(obscured;zero)
263300,855+-5671,[-4816;6526],(663.3%),(obscured;zero)
37340,852+-5671,[-4819;6523],(665.6%),(obscured;zero)
41475,849+-5671,[-4822;6520],(668.0%),(obscured;zero)
11959,827+-5671,[-4844;6498],(685.7%),(obscured;zero)
197709,818+-5671,[-4853;6489],(693.3%),(obscured;zero)
61710,808+-5671,[-4863;6479],(701.9%),(obscured;zero)
31208,799+-5671,[-4872;6470],(709.8%),(obscured;zero)
19399,787+-5671,[-4884;6458],(720.6%),(obscured;zero)
202634,784+-5671,[-4887;6455],(723.3%),(obscured;zero)
64251,774+-5671,[-4897;6445],(732.7%),(obscured;zero)
198922,765+-5671,[-4906;6436],(741.3%),(obscured;zero)
199361,765+-5671,[-4906;6436],(741.3%),(obscured;zero)
13128,763+-5671,[-4908;6434],(743.3%),(obscured;zero)
46369,760+-5671,[-4911;6431],(746.2%),(obscured;zero)
15502,757+-5671,[-4914;6428],(749.1%),(obscured;zero)
46262,757+-5671,[-4914;6428],(749.1%),(obscured;zero)
33280,755+-5671,[-4916;6426],(751.1%),(obscured;zero)
136561,749+-5671,[-4922;6420],(757.1%),(obscured;zero)
40950,747+-5671,[-4924;6418],(759.2%),(obscured;zero)
12191,746+-5671,[-4925;6417],(760.2%),(obscured;zero)
44537,746+-5671,[-4925;6417],(760.2%),(obscured;zero)
61712,744+-5671,[-4927;6415],(762.2%),(obscured;zero)
23173,739+-5671,[-4932;6410],(767.4%),(obscured;zero)
135718,739+-5671,[-4932;6410],(767.4%),(obscured;zero)
40903,737+-5671,[-4934;6408],(769.5%),(obscured;zero)
10676,729+-5671,[-4942;6400],(777.9%),(obscured;zero)
53119,724+-5671,[-4947;6395],(783.3%),(obscured;zero)
63850,722+-5671,[-4949;6393],(785.5%),(obscured;zero)
57828,720+-5671,[-4951;6391],(787.6%),(obscured;zero)
17563,707+-5671,[-4964;6378],(802.1%),(obscured;zero)
62605,707+-5671,[-4964;6378],(802.1%),(obscured;zero)
262241,706+-5671,[-4965;6377],(803.3%),(obscured;zero)
47098,694+-5671,[-4977;6365],(817.1%),(obscured;zero)
200915,689+-5671,[-4982;6360],(823.1%),(obscured;zero)
52971,686+-5671,[-4985;6357],(826.7%),(obscured;zero)
50931,685+-5671,[-4986;6356],(827.9%),(obscured;zero)
27349,676+-5671,[-4995;6347],(838.9%),(obscured;zero)
62900,664+-5671,[-5007;6335],(854.1%),(obscured;zero)
63,654+-5671,[-5017;6325],(867.1%),(obscured;zero)
21970,652+-5671,[-5019;6323],(869.8%),(obscured;zero)
29182,649+-5671,[-5022;6320],(873.8%),(obscured;zero)
17240,643+-5671,[-5028;6314],(882.0%),(obscured;zero)
266132,641+-5671,[-5030;6312],(884.7%),(obscured;zero)
54313,637+-5671,[-5034;6308],(890.3%),(obscured;zero)
394786,627+-5671,[-5044;6298],(904.5%),(obscured;zero)
20177,622+-5671,[-5049;6293],(911.7%),(obscured;zero)
45892,621+-5671,[-5050;6292],(913.2%),(obscured;zero)
394144,612+-5671,[-5059;6283],(926.6%),(obscured;zero)
16200,602+-5671,[-5069;6273],(942.0%),(obscured;zero)
52533,601+-5671,[-5070;6272],(943.6%),(obscured;zero)
15426,596+-5671,[-5075;6267],(951.5%),(obscured;zero)
28355,588+-5671,[-5083;6259],(964.5%),(obscured;zero)
135084,587+-5671,[-5084;6258],(966.1%),(obscured;zero)
133703,586+-5671,[-5085;6257],(967.7%),(obscured;zero)
18035,584+-5671,[-5087;6255],(971.1%),(obscured;zero)
59946,582+-5671,[-5089;6253],(974.4%),(obscured;zero)
42839,581+-5671,[-5090;6252],(976.1%),(obscured;zero)
61723,581+-5671,[-5090;6252],(976.1%),(obscured;zero)
24058,571+-5671,[-5100;6242],(993.2%),(obscured;zero)
49962,566+-5671,[-5105;6237],(1001.9%),(obscured;zero)
56211,558+-5671,[-5113;6229],(1016.3%),(obscured;zero)
16788,552+-5671,[-5119;6223],(1027.4%),(obscured;zero)
394729,547+-5671,[-5124;6218],(1036.7%),(obscured;zero)
9116,544+-5671,[-5127;6215],(1042.5%),(obscured;zero)
196733,537+-5671,[-5134;6208],(1056.1%),(obscured;zero)
135385,528+-5671,[-5143;6199],(1074.1%),(obscured;zero)
203892,526+-5671,[-5145;6197],(1078.1%),(obscured;zero)
327833,521+-5671,[-5150;6192],(1088.5%),(obscured;zero)
22349,516+-5671,[-5155;6187],(1099.0%),(obscured;zero)
57166,512+-5671,[-5159;6183],(1107.6%),(obscured;zero)
55967,488+-5671,[-5183;6159],(1162.1%),(obscured;zero)
62840,483+-5671,[-5188;6154],(1174.1%),(obscured;zero)
18532,481+-5671,[-5190;6152],(1179.0%),(obscured;zero)
2153,478+-5671,[-5193;6149],(1186.4%),(obscured;zero)
23090,469+-5671,[-5202;6140],(1209.2%),(obscured;zero)
43062,466+-5671,[-5205;6137],(1217.0%),(obscured;zero)
6900,456+-5671,[-5215;6127],(1243.6%),(obscured;zero)
34524,446+-5671,[-5225;6117],(1271.5%),(obscured;zero)
264490,439+-5671,[-5232;6110],(1291.8%),(obscured;zero)
34444,425+-5671,[-5246;6096],(1334.4%),(obscured;zero)
6855,417+-5671,[-5254;6088],(1360.0%),(obscured;zero)
53189,416+-5671,[-5255;6087],(1363.2%),(obscured;zero)
20422,402+-5671,[-5269;6073],(1410.7%),(obscured;zero)
53453,400+-5671,[-5271;6071],(1417.8%),(obscured;zero)
30252,392+-5671,[-5279;6063],(1446.7%),(obscured;zero)
18812,387+-5671,[-5284;6058],(1465.4%),(obscured;zero)
7473,381+-5671,[-5290;6052],(1488.5%),(obscured;zero)
34519,380+-5671,[-5291;6051],(1492.4%),(obscured;zero)
265713,372+-5671,[-5299;6043],(1524.5%),(obscured;zero)
54086,369+-5671,[-5302;6040],(1536.9%),(obscured;zero)
45688,355+-5671,[-5316;6026],(1597.5%),(obscured;zero)
7314,347+-5671,[-5324;6018],(1634.3%),(obscured;zero)
6621,339+-5671,[-5332;6010],(1672.9%),(obscured;zero)
41841,336+-5671,[-5335;6007],(1687.8%),(obscured;zero)
395747,328+-5671,[-5343;5999],(1729.0%),(obscured;zero)
56705,319+-5671,[-5352;5990],(1777.7%),(obscured;zero)
31902,308+-5671,[-5363;5979],(1841.2%),(obscured;zero)
264960,306+-5671,[-5365;5977],(1853.3%),(obscured;zero)
4672,295+-5671,[-5376;5966],(1922.4%),(obscured;zero)
202573,291+-5671,[-5380;5962],(1948.8%),(obscured;zero)
8447,285+-5671,[-5386;5956],(1989.8%),(obscured;zero)
1935,284+-5671,[-5387;5955],(1996.8%),(obscured;zero)
14354,280+-5671,[-5391;5951],(2025.4%),(obscured;zero)
13667,278+-5671,[-5393;5949],(2039.9%),(obscured;zero)
3061,276+-5671,[-5395;5947],(2054.7%),(obscured;zero)
22689,267+-5671,[-5404;5938],(2124.0%),(obscured;zero)
6703,265+-5671,[-5406;5936],(2140.0%),(obscured;zero)
132915,265+-5671,[-5406;5936],(2140.0%),(obscured;zero)
6210,257+-5671,[-5414;5928],(2206.6%),(obscured;zero)
15891,248+-5671,[-5423;5919],(2286.7%),(obscured;zero)
38006,229+-5671,[-5442;5900],(2476.4%),(obscured;zero)
12759,223+-5671,[-5448;5894],(2543.0%),(obscured;zero)
393415,209+-5671,[-5462;5880],(2713.4%),(obscured;zero)
199772,205+-5671,[-5466;5876],(2766.3%),(obscured;zero)
41733,201+-5671,[-5470;5872],(2821.4%),(obscured;zero)
206994,200+-5671,[-5471;5871],(2835.5%),(obscured;zero)
39147,191+-5671,[-5480;5862],(2969.1%),(obscured;zero)
17996,183+-5671,[-5488;5854],(3098.9%),(obscured;zero)
55200,173+-5671,[-5498;5844],(3278.0%),(obscured;zero)
13036,172+-5671,[-5499;5843],(3297.1%),(obscured;zero)
395961,170+-5671,[-5501;5841],(3335.9%),(obscured;zero)
26156,164+-5671,[-5507;5835],(3457.9%),(obscured;zero)
265341,161+-5671,[-5510;5832],(3522.4%),(obscured;zero)
51923,159+-5671,[-5512;5830],(3566.7%),(obscured;zero)
55480,157+-5671,[-5514;5828],(3612.1%),(obscured;zero)
197094,151+-5671,[-5520;5822],(3755.6%),(obscured;zero)
54762,143+-5671,[-5528;5814],(3965.7%),(obscured;zero)
12989,132+-5671,[-5539;5803],(4296.2%),(obscured;zero)
4277,124+-5671,[-5547;5795],(4573.4%),(obscured;zero)
53233,124+-5671,[-5547;5795],(4573.4%),(obscured;zero)
22346,120+-5671,[-5551;5791],(4725.8%),(obscured;zero)
24627,118+-5671,[-5553;5789],(4805.9%),(obscured;zero)
9824,114+-5671,[-5557;5785],(4974.6%),(obscured;zero)
200702,108+-5671,[-5563;5779],(5250.9%),(obscured;zero)
23873,96+-5671,[-5575;5767],(5907.3%),(obscured;zero)
199181,94+-5671,[-5577;5765],(6033.0%),(obscured;zero)
53082,88+-5671,[-5583;5759],(6444.3%),(obscured;zero)
30217,81+-5671,[-5590;5752],(7001.2%),(obscured;zero)
13439,79+-5671,[-5592;5750],(7178.5%),(obscured;zero)
203161,68+-5671,[-5603;5739],(8339.7%),(obscured;zero)
47198,67+-5671,[-5604;5738],(8464.2%),(obscured;zero)
14214,65+-5671,[-5606;5736],(8724.6%),(obscured;zero)
17665,58+-5671,[-5613;5729],(9777.6%),(obscured;zero)
265314,37+-5671,[-5634;5708],(15327.0%),(obscured;zero)
20656,25+-5671,[-5646;5696],(22684.0%),(obscured;zero)
9905,24+-5671,[-5647;5695],(23629.2%),(obscured;zero)
21962,22+-5671,[-5649;5693],(25777.3%),(obscured;zero)
132456,20+-5671,[-5651;5691],(28355.0%),(obscured;zero)
134896,18+-5671,[-5653;5689],(31505.6%),(obscured;zero)
64840,10+-5671,[-5661;5681],(56710.0%),(obscured;zero)
197887,4+-5671,[-5667;5675],(141775.0%),(obscured;zero)
49189,-12+-5671,[-5683;5659],(47258.3%),(obscured;zero)
36476,-15+-5671,[-5686;5656],(37806.7%),(obscured;zero)
348,-21+-5671,[-5692;5650],(27004.8%),(obscured;zero)
57344,-24+-5671,[-5695;5647],(23629.2%),(obscured;zero)
39903,-26+-5671,[-5697;5645],(21811.5%),(obscured;zero)
22964,-47+-5671,[-5718;5624],(12066.0%),(obscured;zero)
11947,-59+-5671,[-5730;5612],(9611.9%),(obscured;zero)
57567,-87+-5671,[-5758;5584],(6518.4%),(obscured;zero)
12637,-91+-5671,[-5762;5580],(6231.9%),(obscured;zero)
21240,-94+-5671,[-5765;5577],(6033.0%),(obscured;zero)
7893,-96+-5671,[-5767;5575],(5907.3%),(obscured;zero)
395535,-101+-5671,[-5772;5570],(5614.9%),(obscured;zero)
22754,-112+-5671,[-5783;5559],(5063.4%),(obscured;zero)
328138,-127+-5671,[-5798;5544],(4465.4%),(obscured;zero)
205898,-134+-5671,[-5805;5537],(4232.1%),(obscured;zero)
45427,-137+-5671,[-5808;5534],(4139.4%),(obscured;zero)
57886,-141+-5671,[-5812;5530],(4022.0%),(obscured;zero)
8672,-142+-5671,[-5813;5529],(3993.7%),(obscured;zero)
262364,-144+-5671,[-5815;5527],(3938.2%),(obscured;zero)
41321,-145+-5671,[-5816;5526],(3911.0%),(obscured;zero)
12450,-153+-5671,[-5824;5518],(3706.5%),(obscured;zero)
6839,-154+-5671,[-5825;5517],(3682.5%),(obscured;zero)
53780,-154+-5671,[-5825;5517],(3682.5%),(obscured;zero)
265189,-159+-5671,[-5830;5512],(3566.7%),(obscured;zero)
9235,-162+-5671,[-5833;5509],(3500.6%),(obscured;zero)
53393,-166+-5671,[-5837;5505],(3416.3%),(obscured;zero)
393436,-169+-5671,[-5840;5502],(3355.6%),(obscured;zero)
51207,-172+-5671,[-5843;5499],(3297.1%),(obscured;zero)
396094,-176+-5671,[-5847;5495],(3222.2%),(obscured;zero)
59908,-178+-5671,[-5849;5493],(3186.0%),(obscured;zero)
57079,-187+-5671,[-5858;5484],(3032.6%),(obscured;zero)
135232,-194+-5671,[-5865;5477],(2923.2%),(obscured;zero)
202808,-196+-5671,[-5867;5475],(2893.4%),(obscured;zero)
135918,-197+-5671,[-5868;5474],(2878.7%),(obscured;zero)
199833,-197+-5671,[-5868;5474],(2878.7%),(obscured;zero)
42102,-202+-5671,[-5873;5469],(2807.4%),(obscured;zero)
51557,-212+-5671,[-5883;5459],(2675.0%),(obscured;zero)
46726,-214+-5671,[-5885;5457],(2650.0%),(obscured;zero)
44924,-223+-5671,[-5894;5448],(2543.0%),(obscured;zero)
51843,-235+-5671,[-5906;5436],(2413.2%),(obscured;zero)
52719,-243+-5671,[-5914;5428],(2333.7%),(obscured;zero)
48183,-245+-5671,[-5916;5426],(2314.7%),(obscured;zero)
25109,-249+-5671,[-5920;5422],(2277.5%),(obscured;zero)
32873,-252+-5671,[-5923;5419],(2250.4%),(obscured;zero)
262696,-252+-5671,[-5923;5419],(2250.4%),(obscured;zero)
134311,-253+-5671,[-5924;5418],(2241.5%),(obscured;zero)
136306,-255+-5671,[-5926;5416],(2223.9%),(obscured;zero)
263758,-255+-5671,[-5926;5416],(2223.9%),(obscured;zero)
395691,-255+-5671,[-5926;5416],(2223.9%),(obscured;zero)
28851,-260+-5671,[-5931;5411],(2181.2%),(obscured;zero)
61977,-265+-5671,[-5936;5406],(2140.0%),(obscured;zero)
45733,-270+-5671,[-5941;5401],(2100.4%),(obscured;zero)
393816,-272+-5671,[-5943;5399],(2084.9%),(obscured;zero)
35686,-279+-5671,[-5950;5392],(2032.6%),(obscured;zero)
21631,-280+-5671,[-5951;5391],(2025.4%),(obscured;zero)
62939,-281+-5671,[-5952;5390],(2018.1%),(obscured;zero)
60752,-291+-5671,[-5962;5380],(1948.8%),(obscured;zero)
25125,-298+-5671,[-5969;5373],(1903.0%),(obscured;zero)
30175,-303+-5671,[-5974;5368],(1871.6%),(obscured;zero)
202011,-305+-5671,[-5976;5366],(1859.3%),(obscured;zero)
41835,-316+-5671,[-5987;5355],(1794.6%),(obscured;zero)
59781,-326+-5671,[-5997;5345],(1739.6%),(obscured;zero)
58284,-346+-5671,[-6017;5325],(1639.0%),(obscured;zero)
56458,-356+-5671,[-6027;5315],(1593.0%),(obscured;zero)
62993,-357+-5671,[-6028;5314],(1588.5%),(obscured;zero)
19193,-362+-5671,[-6033;5309],(1566.6%),(obscured;zero)
12737,-369+-5671,[-6040;5302],(1536.9%),(obscured;zero)
63071,-370+-5671,[-6041;5301],(1532.7%),(obscured;zero)
48136,-375+-5671,[-6046;5296],(1512.3%),(obscured;zero)
263026,-375+-5671,[-6046;5296],(1512.3%),(obscured;zero)
24546,-387+-5671,[-6058;5284],(1465.4%),(obscured;zero)
43410,-389+-5671,[-6060;5282],(1457.8%),(obscured;zero)
394921,-391+-5671,[-6062;5280],(1450.4%),(obscured;zero)
34668,-393+-5671,[-6064;5278],(1443.0%),(obscured;zero)
13624,-402+-5671,[-6073;5269],(1410.7%),(obscured;zero)
33953,-404+-5671,[-6075;5267],(1403.7%),(obscured;zero)
266553,-405+-5671,[-6076;5266],(1400.2%),(obscured;zero)
39804,-407+-5671,[-6078;5264],(1393.4%),(obscured;zero)
12552,-408+-5671,[-6079;5263],(1390.0%),(obscured;zero)
31100,-409+-5671,[-6080;5262],(1386.6%),(obscured;zero)
28018,-410+-5671,[-6081;5261],(1383.2%),(obscured;zero)
45136,-411+-5671,[-6082;5260],(1379.8%),(obscured;zero)
24764,-417+-5671,[-6088;5254],(1360.0%),(obscured;zero)
266021,-419+-5671,[-6090;5252],(1353.5%),(obscured;zero)
48572,-422+-5671,[-6093;5249],(1343.8%),(obscured;zero)
132252,-423+-5671,[-6094;5248],(1340.7%),(obscured;zero)
57286,-432+-5671,[-6103;5239],(1312.7%),(obscured;zero)
12357,-437+-5671,[-6108;5234],(1297.7%),(obscured;zero)
24143,-439+-5671,[-6110;5232],(1291.8%),(obscured;zero)
265183,-442+-5671,[-6113;5229],(1283.0%),(obscured;zero)
34405,-443+-5671,[-6114;5228],(1280.1%),(obscured;zero)
55424,-447+-5671,[-6118;5224],(1268.7%),(obscured;zero)
30391,-450+-5671,[-6121;5221],(1260.2%),(obscured;zero)
4261,-462+-5671,[-6133;5209],(1227.5%),(obscured;zero)
265913,-464+-5671,[-6135;5207],(1222.2%),(obscured;zero)
203928,-468+-5671,[-6139;5203],(1211.8%),(obscured;zero)
58462,-472+-5671,[-6143;5199],(1201.5%),(obscured;zero)
203817,-476+-5671,[-6147;5195],(1191.4%),(obscured;zero)
51243,-477+-5671,[-6148;5194],(1188.9%),(obscured;zero)
34351,-487+-5671,[-6158;5184],(1164.5%),(obscured;zero)
56796,-495+-5671,[-6166;5176],(1145.7%),(obscured;zero)
132406,-495+-5671,[-6166;5176],(1145.7%),(obscured;zero)
15410,-502+-5671,[-6173;5169],(1129.7%),(obscured;zero)
1273,-508+-5671,[-6179;5163],(1116.3%),(obscured;zero)
41881,-508+-5671,[-6179;5163],(1116.3%),(obscured;zero)
53895,-514+-5671,[-6185;5157],(1103.3%),(obscured;zero)
45458,-522+-5671,[-6193;5149],(1086.4%),(obscured;zero)
135653,-532+-5671,[-6203;5139],(1066.0%),(obscured;zero)
35807,-534+-5671,[-6205;5137],(1062.0%),(obscured;zero)
134658,-536+-5671,[-6207;5135],(1058.0%),(obscured;zero)
27153,-537+-5671,[-6208;5134],(1056.1%),(obscured;zero)
46333,-538+-5671,[-6209;5133],(1054.1%),(obscured;zero)
11910,-541+-5671,[-6212;5130],(1048.2%),(obscured;zero)
135384,-541+-5671,[-6212;5130],(1048.2%),(obscured;zero)
48690,-542+-5671,[-6213;5129],(1046.3%),(obscured;zero)
55552,-551+-5671,[-6222;5120],(1029.2%),(obscured;zero)
22049,-553+-5671,[-6224;5118],(1025.5%),(obscured;zero)
47854,-556+-5671,[-6227;5115],(1020.0%),(obscured;zero)
395383,-557+-5671,[-6228;5114],(1018.1%),(obscured;zero)
6582,-562+-5671,[-6233;5109],(1009.1%),(obscured;zero)
21744,-567+-5671,[-6238;5104],(1000.2%),(obscured;zero)
9499,-568+-5671,[-6239;5103],(998.4%),(obscured;zero)
10130,-568+-5671,[-6239;5103],(998.4%),(obscured;zero)
61247,-575+-5671,[-6246;5096],(986.3%),(obscured;zero)
38669,-586+-5671,[-6257;5085],(967.7%),(obscured;zero)
51980,-586+-5671,[-6257;5085],(967.7%),(obscured;zero)
34583,-596+-5671,[-6267;5075],(951.5%),(obscured;zero)
18990,-597+-5671,[-6268;5074],(949.9%),(obscured;zero)
394779,-597+-5671,[-6268;5074],(949.9%),(obscured;zero)
38590,-606+-5671,[-6277;5065],(935.8%),(obscured;zero)
46822,-606+-5671,[-6277;5065],(935.8%),(obscured;zero)
199661,-606+-5671,[-6277;5065],(935.8%),(obscured;zero)
61016,-607+-5671,[-6278;5064],(934.3%),(obscured;zero)
13561,-612+-5671,[-6283;5059],(926.6%),(obscured;zero)
202617,-614+-5671,[-6285;5057],(923.6%),(obscured;zero)
6405,-618+-5671,[-6289;5053],(917.6%),(obscured;zero)
395580,-629+-5671,[-6300;5042],(901.6%),(obscured;zero)
17701,-631+-5671,[-6302;5040],(898.7%),(obscured;zero)
50980,-632+-5671,[-6303;5039],(897.3%),(obscured;zero)
48224,-634+-5671,[-6305;5037],(894.5%),(obscured;zero)
33338,-639+-5671,[-6310;5032],(887.5%),(obscured;zero)
56649,-646+-5671,[-6317;5025],(877.9%),(obscured;zero)
56599,-678+-5671,[-6349;4993],(836.4%),(obscured;zero)
50141,-685+-5671,[-6356;4986],(827.9%),(obscured;zero)
263988,-686+-5671,[-6357;4985],(826.7%),(obscured;zero)
21073,-694+-5671,[-6365;4977],(817.1%),(obscured;zero)
135172,-702+-5671,[-6373;4969],(807.8%),(obscured;zero)
264472,-702+-5671,[-6373;4969],(807.8%),(obscured;zero)
38759,-717+-5671,[-6388;4954],(790.9%),(obscured;zero)
41757,-732+-5671,[-6403;4939],(774.7%),(obscured;zero)
49149,-734+-5671,[-6405;4937],(772.6%),(obscured;zero)
13002,-738+-5671,[-6409;4933],(768.4%),(obscured;zero)
133848,-750+-5671,[-6421;4921],(756.1%),(obscured;zero)
36900,-762+-5671,[-6433;4909],(744.2%),(obscured;zero)
30849,-766+-5671,[-6437;4905],(740.3%),(obscured;zero)
53530,-767+-5671,[-6438;4904],(739.4%),(obscured;zero)
56642,-767+-5671,[-6438;4904],(739.4%),(obscured;zero)
15190,-768+-5671,[-6439;4903],(738.4%),(obscured;zero)
206081,-772+-5671,[-6443;4899],(734.6%),(obscured;zero)
14850,-776+-5671,[-6447;4895],(730.8%),(obscured;zero)
9534,-777+-5671,[-6448;4894],(729.9%),(obscured;zero)
58612,-781+-5671,[-6452;4890],(726.1%),(obscured;zero)
13547,-785+-5671,[-6456;4886],(722.4%),(obscured;zero)
55782,-792+-5671,[-6463;4879],(716.0%),(obscured;zero)
1616,-803+-5671,[-6474;4868],(706.2%),(obscured;zero)
19753,-804+-5671,[-6475;4867],(705.3%),(obscured;zero)
55406,-811+-5671,[-6482;4860],(699.3%),(obscured;zero)
15664,-823+-5671,[-6494;4848],(689.1%),(obscured;zero)
28524,-833+-5671,[-6504;4838],(680.8%),(obscured;zero)
394790,-835+-5671,[-6506;4836],(679.2%),(obscured;zero)
13216,-838+-5671,[-6509;4833],(676.7%),(obscured;zero)
37119,-840+-5671,[-6511;4831],(675.1%),(obscured;zero)
43517,-841+-5671,[-6512;4830],(674.3%),(obscured;zero)
55316,-848+-5671,[-6519;4823],(668.8%),(obscured;zero)
41260,-849+-5671,[-6520;4822],(668.0%),(obscured;zero)
42002,-849+-5671,[-6520;4822],(668.0%),(obscured;zero)
196852,-849+-5671,[-6520;4822],(668.0%),(obscured;zero)
36100,-853+-5671,[-6524;4818],(664.8%),(obscured;zero)
30554,-855+-5671,[-6526;4816],(663.3%),(obscured;zero)
206055,-862+-5671,[-6533;4809],(657.9%),(obscured;zero)
33571,-863+-5671,[-6534;4808],(657.1%),(obscured;zero)
62323,-867+-5671,[-6538;4804],(654.1%),(obscured;zero)
135161,-871+-5671,[-6542;4800],(651.1%),(obscured;zero)
201622,-876+-5671,[-6547;4795],(647.4%),(obscured;zero)
134183,-877+-5671,[-6548;4794],(646.6%),(obscured;zero)
45996,-880+-5671,[-6551;4791],(644.4%),(obscured;zero)
46971,-888+-5671,[-6559;4783],(638.6%),(obscured;zero)
14981,-889+-5671,[-6560;4782],(637.9%),(obscured;zero)
50976,-898+-5671,[-6569;4773],(631.5%),(obscured;zero)
25641,-903+-5671,[-6574;4768],(628.0%),(obscured;zero)
199008,-904+-5671,[-6575;4767],(627.3%),(obscured;zero)
52358,-908+-5671,[-6579;4763],(624.6%),(obscured;zero)
206102,-912+-5671,[-6583;4759],(621.8%),(obscured;zero)
24553,-919+-5671,[-6590;4752],(617.1%),(obscured;zero)
44628,-919+-5671,[-6590;4752],(617.1%),(obscured;zero)
52711,-923+-5671,[-6594;4748],(614.4%),(obscured;zero)
8811,-929+-5671,[-6600;4742],(610.4%),(obscured;zero)
202847,-930+-5671,[-6601;4741],(609.8%),(obscured;zero)
262973,-933+-5671,[-6604;4738],(607.8%),(obscured;zero)
40170,-939+-5671,[-6610;4732],(603.9%),(obscured;zero)
11524,-940+-5671,[-6611;4731],(603.3%),(obscured;zero)
6576,-942+-5671,[-6613;4729],(602.0%),(obscured;zero)
198419,-951+-5671,[-6622;4720],(596.3%),(obscured;zero)
267537,-954+-5671,[-6625;4717],(594.4%),(obscured;zero)
38843,-959+-5671,[-6630;4712],(591.3%),(obscured;zero)
24774,-960+-5671,[-6631;4711],(590.7%),(obscured;zero)
60837,-962+-5671,[-6633;4709],(589.5%),(obscured;zero)
30920,-963+-5671,[-6634;4708],(588.9%),(obscured;zero)
131737,-972+-5671,[-6643;4699],(583.4%),(obscured;zero)
54990,-996+-5671,[-6667;4675],(569.4%),(obscured;zero)
201795,-998+-5671,[-6669;4673],(568.2%),(obscured;zero)
263926,-1001+-5671,[-6672;4670],(566.5%),(obscured;zero)
37627,-1005+-5671,[-6676;4666],(564.3%),(obscured;zero)
132250,-1016+-5671,[-6687;4655],(558.2%),(obscured;zero)
20594,-1023+-5671,[-6694;4648],(554.3%),(obscured;zero)
42211,-1025+-5671,[-6696;4646],(553.3%),(obscured;zero)
202143,-1025+-5671,[-6696;4646],(553.3%),(obscured;zero)
2601,-1032+-5671,[-6703;4639],(549.5%),(obscured;zero)
6095,-1033+-5671,[-6704;4638],(549.0%),(obscured;zero)
53003,-1039+-5671,[-6710;4632],(545.8%),(obscured;zero)
263817,-1042+-5671,[-6713;4629],(544.2%),(obscured;zero)
54072,-1047+-5671,[-6718;4624],(541.6%),(obscured;zero)
42579,-1050+-5671,[-6721;4621],(540.1%),(obscured;zero)
23665,-1051+-5671,[-6722;4620],(539.6%),(obscured;zero)
36856,-1054+-5671,[-6725;4617],(538.0%),(obscured;zero)
396062,-1055+-5671,[-6726;4616],(537.5%),(obscured;zero)
396372,-1074+-5671,[-6745;4597],(528.0%),(obscured;zero)
16954,-1076+-5671,[-6747;4595],(527.0%),(obscured;zero)
58599,-1078+-5671,[-6749;4593],(526.1%),(obscured;zero)
52960,-1086+-5671,[-6757;4585],(522.2%),(obscured;zero)
57507,-1089+-5671,[-6760;4582],(520.8%),(obscured;zero)
46904,-1090+-5671,[-6761;4581],(520.3%),(obscured;zero)
264570,-1094+-5671,[-6765;4577],(518.4%),(obscured;zero)
133038,-1103+-5671,[-6774;4568],(514.1%),(obscured;zero)
17662,-1104+-5671,[-6775;4567],(513.7%),(obscured;zero)
3278,-1105+-5671,[-6776;4566],(513.2%),(obscured;zero)
197423,-1133+-5671,[-6804;4538],(500.5%),(obscured;zero)
2738,-1154+-5671,[-6825;4517],(491.4%),(obscured;zero)
60711,-1162+-5671,[-6833;4509],(488.0%),(obscured;zero)
206606,-1168+-5671,[-6839;4503],(485.5%),(obscured;zero)
34728,-1175+-5671,[-6846;4496],(482.6%),(obscured;zero)
23469,-1177+-5671,[-6848;4494],(481.8%),(obscured;zero)
205,-1196+-5671,[-6867;4475],(474.2%),(obscured;zero)
29884,-1198+-5671,[-6869;4473],(473.4%),(obscured;zero)
24835,-1199+-5671,[-6870;4472],(473.0%),(obscured;zero)
133382,-1205+-5671,[-6876;4466],(470.6%),(obscured;zero)
62172,-1219+-5671,[-6890;4452],(465.2%),(obscured;zero)
265457,-1222+-5671,[-6893;4449],(464.1%),(obscured;zero)
13134,-1229+-5671,[-6900;4442],(461.4%),(obscured;zero)
266366,-1230+-5671,[-6901;4441],(461.1%),(obscured;zero)
62714,-1231+-5671,[-6902;4440],(460.7%),(obscured;zero)
19696,-1238+-5671,[-6909;4433],(458.1%),(obscured;zero)
6893,-1244+-5671,[-6915;4427],(455.9%),(obscured;zero)
15116,-1244+-5671,[-6915;4427],(455.9%),(obscured;zero)
34587,-1250+-5671,[-6921;4421],(453.7%),(obscured;zero)
45291,-1255+-5671,[-6926;4416],(451.9%),(obscured;zero)
266429,-1269+-5671,[-6940;4402],(446.9%),(obscured;zero)
135189,-1273+-5671,[-6944;4398],(445.5%),(obscured;zero)
52420,-1279+-5671,[-6950;4392],(443.4%),(obscured;zero)
264519,-1280+-5671,[-6951;4391],(443.0%),(obscured;zero)
21573,-1283+-5671,[-6954;4388],(442.0%),(obscured;zero)
7212,-1288+-5671,[-6959;4383],(440.3%),(obscured;zero)
60484,-1310+-5671,[-6981;4361],(432.9%),(obscured;zero)
13231,-1319+-5671,[-6990;4352],(429.9%),(obscured;zero)
39682,-1319+-5671,[-6990;4352],(429.9%),(obscured;zero)
41744,-1326+-5671,[-6997;4345],(427.7%),(obscured;zero)
47570,-1326+-5671,[-6997;4345],(427.7%),(obscured;zero)
134058,-1329+-5671,[-7000;4342],(426.7%),(obscured;zero)
134952,-1329+-5671,[-7000;4342],(426.7%),(obscured;zero)
6711,-1339+-5671,[-7010;4332],(423.5%),(obscured;zero)
267507,-1344+-5671,[-7015;4327],(421.9%),(obscured;zero)
133272,-1345+-5671,[-7016;4326],(421.6%),(obscured;zero)
36179,-1353+-5671,[-7024;4318],(419.1%),(obscured;zero)
263327,-1353+-5671,[-7024;4318],(419.1%),(obscured;zero)
26341,-1355+-5671,[-7026;4316],(418.5%),(obscured;zero)
45750,-1355+-5671,[-7026;4316],(418.5%),(obscured;zero)
664,-1366+-5671,[-7037;4305],(415.2%),(obscured;zero)
51081,-1371+-5671,[-7042;4300],(413.6%),(obscured;zero)
43458,-1374+-5671,[-7045;4297],(412.7%),(obscured;zero)
265159,-1380+-5671,[-7051;4291],(410.9%),(obscured;zero)
42649,-1381+-5671,[-7052;4290],(410.6%),(obscured;zero)
264525,-1390+-5671,[-7061;4281],(408.0%),(obscured;zero)
38667,-1393+-5671,[-7064;4278],(407.1%),(obscured;zero)
45766,-1394+-5671,[-7065;4277],(406.8%),(obscured;zero)
262760,-1396+-5671,[-7067;4275],(406.2%),(obscured;zero)
16889,-1403+-5671,[-7074;4268],(404.2%),(obscured;zero)
25081,-1406+-5671,[-7077;4265],(403.3%),(obscured;zero)
51283,-1406+-5671,[-7077;4265],(403.3%),(obscured;zero)
41625,-1412+-5671,[-7083;4259],(401.6%),(obscured;zero)
60275,-1416+-5671,[-7087;4255],(400.5%),(obscured;zero)
15697,-1426+-5671,[-7097;4245],(397.7%),(obscured;zero)
199974,-1426+-5671,[-7097;4245],(397.7%),(obscured;zero)
16500,-1438+-5671,[-7109;4233],(394.4%),(obscured;zero)
206685,-1438+-5671,[-7109;4233],(394.4%),(obscured;zero)
27086,-1443+-5671,[-7114;4228],(393.0%),(obscured;zero)
43224,-1443+-5671,[-7114;4228],(393.0%),(obscured;zero)
395737,-1447+-5671,[-7118;4224],(391.9%),(obscured;zero)
12517,-1453+-5671,[-7124;4218],(390.3%),(obscured;zero)
24129,-1453+-5671,[-7124;4218],(390.3%),(obscured;zero)
197893,-1454+-5671,[-7125;4217],(390.0%),(obscured;zero)
207143,-1460+-5671,[-7131;4211],(388.4%),(obscured;zero)
26079,-1461+-5671,[-7132;4210],(388.2%),(obscured;zero)
8018,-1465+-5671,[-7136;4206],(387.1%),(obscured;zero)
12136,-1469+-5671,[-7140;4202],(386.0%),(obscured;zero)
4637,-1472+-5671,[-7143;4199],(385.3%),(obscured;zero)
47178,-1482+-5671,[-7153;4189],(382.7%),(obscured;zero)
50127,-1482+-5671,[-7153;4189],(382.7%),(obscured;zero)
7847,-1483+-5671,[-7154;4188],(382.4%),(obscured;zero)
40125,-1494+-5671,[-7165;4177],(379.6%),(obscured;zero)
264791,-1502+-5671,[-7173;4169],(377.6%),(obscured;zero)
6989,-1503+-5671,[-7174;4168],(377.3%),(obscured;zero)
201363,-1508+-5671,[-7179;4163],(376.1%),(obscured;zero)
15889,-1509+-5671,[-7180;4162],(375.8%),(obscured;zero)
262519,-1526+-5671,[-7197;4145],(371.6%),(obscured;zero)
394646,-1526+-5671,[-7197;4145],(371.6%),(obscured;zero)
56784,-1536+-5671,[-7207;4135],(369.2%),(obscured;zero)
393644,-1537+-5671,[-7208;4134],(369.0%),(obscured;zero)
27007,-1554+-5671,[-7225;4117],(364.9%),(obscured;zero)
133256,-1560+-5671,[-7231;4111],(363.5%),(obscured;zero)
64456,-1562+-5671,[-7233;4109],(363.1%),(obscured;zero)
36434,-1566+-5671,[-7237;4105],(362.1%),(obscured;zero)
27468,-1577+-5671,[-7248;4094],(359.6%),(obscured;zero)
1419,-1588+-5671,[-7259;4083],(357.1%),(obscured;zero)
53219,-1588+-5671,[-7259;4083],(357.1%),(obscured;zero)
8989,-1594+-5671,[-7265;4077],(355.8%),(obscured;zero)
265809,-1612+-5671,[-7283;4059],(351.8%),(obscured;zero)
59588,-1614+-5671,[-7285;4057],(351.4%),(obscured;zero)
17654,-1624+-5671,[-7295;4047],(349.2%),(obscured;zero)
22606,-1625+-5671,[-7296;4046],(349.0%),(obscured;zero)
54759,-1656+-5671,[-7327;4015],(342.5%),(obscured;zero)
41531,-1661+-5671,[-7332;4010],(341.4%),(obscured;zero)
266153,-1669+-5671,[-7340;4002],(339.8%),(obscured;zero)
35720,-1679+-5671,[-7350;3992],(337.8%),(obscured;zero)
51158,-1680+-5671,[-7351;3991],(337.6%),(obscured;zero)
49771,-1682+-5671,[-7353;3989],(337.2%),(obscured;zero)
395688,-1682+-5671,[-7353;3989],(337.2%),(obscured;zero)
52842,-1695+-5671,[-7366;3976],(334.6%),(obscured;zero)
11911,-1696+-5671,[-7367;3975],(334.4%),(obscured;zero)
39928,-1697+-5671,[-7368;3974],(334.2%),(obscured;zero)
8114,-1704+-5671,[-7375;3967],(332.8%),(obscured;zero)
37519,-1704+-5671,[-7375;3967],(332.8%),(obscured;zero)
5721,-1717+-5671,[-7388;3954],(330.3%),(obscured;zero)
22253,-1717+-5671,[-7388;3954],(330.3%),(obscured;zero)
57516,-1717+-5671,[-7388;3954],(330.3%),(obscured;zero)
198554,-1728+-5671,[-7399;3943],(328.2%),(obscured;zero)
201441,-1738+-5671,[-7409;3933],(326.3%),(obscured;zero)
266079,-1748+-5671,[-7419;3923],(324.4%),(obscured;zero)
26972,-1751+-5671,[-7422;3920],(323.9%),(obscured;zero)
30873,-1755+-5671,[-7426;3916],(323.1%),(obscured;zero)
30218,-1757+-5671,[-7428;3914],(322.8%),(obscured;zero)
52226,-1765+-5671,[-7436;3906],(321.3%),(obscured;zero)
23015,-1777+-5671,[-7448;3894],(319.1%),(obscured;zero)
10240,-1798+-5671,[-7469;3873],(315.4%),(obscured;zero)
63333,-1803+-5671,[-7474;3868],(314.5%),(obscured;zero)
32448,-1830+-5671,[-7501;3841],(309.9%),(obscured;zero)
48766,-1834+-5671,[-7505;3837],(309.2%),(obscured;zero)
52546,-1839+-5671,[-7510;3832],(308.4%),(obscured;zero)
60357,-1843+-5671,[-7514;3828],(307.7%),(obscured;zero)
199797,-1845+-5671,[-7516;3826],(307.4%),(obscured;zero)
199346,-1852+-5671,[-7523;3819],(306.2%),(obscured;zero)
61731,-1870+-5671,[-7541;3801],(303.3%),(obscured;zero)
40062,-1871+-5671,[-7542;3800],(303.1%),(obscured;zero)
60235,-1884+-5671,[-7555;3787],(301.0%),(obscured;zero)
203239,-1885+-5671,[-7556;3786],(300.8%),(obscured;zero)
204271,-1886+-5671,[-7557;3785],(300.7%),(obscured;zero)
395492,-1887+-5671,[-7558;3784],(300.5%),(obscured;zero)
28951,-1892+-5671,[-7563;3779],(299.7%),(obscured;zero)
4786,-1902+-5671,[-7573;3769],(298.2%),(obscured;zero)
15399,-1906+-5671,[-7577;3765],(297.5%),(obscured;zero)
9327,-1913+-5671,[-7584;3758],(296.4%),(obscured;zero)
63112,-1935+-5671,[-7606;3736],(293.1%),(obscured;zero)
198873,-1938+-5671,[-7609;3733],(292.6%),(obscured;zero)
262707,-1946+-5671,[-7617;3725],(291.4%),(obscured;zero)
24920,-1973+-5671,[-7644;3698],(287.4%),(obscured;zero)
43429,-1974+-5671,[-7645;3697],(287.3%),(obscured;zero)
30465,-1975+-5671,[-7646;3696],(287.1%),(obscured;zero)
34190,-1975+-5671,[-7646;3696],(287.1%),(obscured;zero)
262862,-1987+-5671,[-7658;3684],(285.4%),(obscured;zero)
64228,-1994+-5671,[-7665;3677],(284.4%),(obscured;zero)
19356,-1997+-5671,[-7668;3674],(284.0%),(obscured;zero)
17153,-2006+-5671,[-7677;3665],(282.7%),(obscured;zero)
26775,-2008+-5671,[-7679;3663],(282.4%),(obscured;zero)
265722,-2009+-5671,[-7680;3662],(282.3%),(obscured;zero)
12496,-2024+-5671,[-7695;3647],(280.2%),(obscured;zero)
22687,-2024+-5671,[-7695;3647],(280.2%),(obscured;zero)
44092,-2025+-5671,[-7696;3646],(280.0%),(obscured;zero)
46781,-2026+-5671,[-7697;3645],(279.9%),(obscured;zero)
18201,-2033+-5671,[-7704;3638],(278.9%),(obscured;zero)
40657,-2056+-5671,[-7727;3615],(275.8%),(obscured;zero)
7381,-2058+-5671,[-7729;3613],(275.6%),(obscured;zero)
17108,-2058+-5671,[-7729;3613],(275.6%),(obscured;zero)
46304,-2058+-5671,[-7729;3613],(275.6%),(obscured;zero)
14653,-2060+-5671,[-7731;3611],(275.3%),(obscured;zero)
135267,-2062+-5671,[-7733;3609],(275.0%),(obscured;zero)
33934,-2075+-5671,[-7746;3596],(273.3%),(obscured;zero)
264823,-2078+-5671,[-7749;3593],(272.9%),(obscured;zero)
41971,-2093+-5671,[-7764;3578],(271.0%),(obscured;zero)
136667,-2098+-5671,[-7769;3573],(270.3%),(obscured;zero)
48152,-2100+-5671,[-7771;3571],(270.0%),(obscured;zero)
58021,-2123+-5671,[-7794;3548],(267.1%),(obscured;zero)
14832,-2124+-5671,[-7795;3547],(267.0%),(obscured;zero)
61709,-2126+-5671,[-7797;3545],(266.7%),(obscured;zero)
11539,-2157+-5671,[-7828;3514],(262.9%),(obscured;zero)
395486,-2157+-5671,[-7828;3514],(262.9%),(obscured;zero)
9476,-2162+-5671,[-7833;3509],(262.3%),(obscured;zero)
39035,-2170+-5671,[-7841;3501],(261.3%),(obscured;zero)
37454,-2173+-5671,[-7844;3498],(261.0%),(obscured;zero)
18045,-2178+-5671,[-7849;3493],(260.4%),(obscured;zero)
199494,-2178+-5671,[-7849;3493],(260.4%),(obscured;zero)
59867,-2181+-5671,[-7852;3490],(260.0%),(obscured;zero)
34324,-2184+-5671,[-7855;3487],(259.7%),(obscured;zero)
56050,-2185+-5671,[-7856;3486],(259.5%),(obscured;zero)
1412,-2191+-5671,[-7862;3480],(258.8%),(obscured;zero)
20890,-2194+-5671,[-7865;3477],(258.5%),(obscured;zero)
43104,-2197+-5671,[-7868;3474],(258.1%),(obscured;zero)
60220,-2207+-5671,[-7878;3464],(257.0%),(obscured;zero)
199953,-2207+-5671,[-7878;3464],(257.0%),(obscured;zero)
54923,-2214+-5671,[-7885;3457],(256.1%),(obscured;zero)
14869,-2215+-5671,[-7886;3456],(256.0%),(obscured;zero)
199635,-2224+-5671,[-7895;3447],(255.0%),(obscured;zero)
23719,-2236+-5671,[-7907;3435],(253.6%),(obscured;zero)
47777,-2236+-5671,[-7907;3435],(253.6%),(obscured;zero)
22515,-2249+-5671,[-7920;3422],(252.2%),(obscured;zero)
197021,-2251+-5671,[-7922;3420],(251.9%),(obscured;zero)
197186,-2251+-5671,[-7922;3420],(251.9%),(obscured;zero)
206662,-2262+-5671,[-7933;3409],(250.7%),(obscured;zero)
8917,-2284+-5671,[-7955;3387],(248.3%),(obscured;zero)
52484,-2287+-5671,[-7958;3384],(248.0%),(obscured;zero)
31131,-2288+-5671,[-7959;3383],(247.9%),(obscured;zero)
47820,-2292+-5671,[-7963;3379],(247.4%),(obscured;zero)
43580,-2295+-5671,[-7966;3376],(247.1%),(obscured;zero)
30790,-2298+-5671,[-7969;3373],(246.8%),(obscured;zero)
207152,-2314+-5671,[-7985;3357],(245.1%),(obscured;zero)
49456,-2320+-5671,[-7991;3351],(244.4%),(obscured;zero)
394725,-2326+-5671,[-7997;3345],(243.8%),(obscured;zero)
395252,-2327+-5671,[-7998;3344],(243.7%),(obscured;zero)
24847,-2331+-5671,[-8002;3340],(243.3%),(obscured;zero)
262967,-2334+-5671,[-8005;3337],(243.0%),(obscured;zero)
17817,-2337+-5671,[-8008;3334],(242.7%),(obscured;zero)
55963,-2338+-5671,[-8009;3333],(242.6%),(obscured;zero)
63098,-2347+-5671,[-8018;3324],(241.6%),(obscured;zero)
264812,-2357+-5671,[-8028;3314],(240.6%),(obscured;zero)
8641,-2370+-5671,[-8041;3301],(239.3%),(obscured;zero)
57809,-2374+-5671,[-8045;3297],(238.9%),(obscured;zero)
135440,-2384+-5671,[-8055;3287],(237.9%),(obscured;zero)
265442,-2388+-5671,[-8059;3283],(237.5%),(obscured;zero)
24024,-2397+-5671,[-8068;3274],(236.6%),(obscured;zero)
13243,-2399+-5671,[-8070;3272],(236.4%),(obscured;zero)
59185,-2404+-5671,[-8075;3267],(235.9%),(obscured;zero)
132881,-2405+-5671,[-8076;3266],(235.8%),(obscured;zero)
58539,-2408+-5671,[-8079;3263],(235.5%),(obscured;zero)
136211,-2413+-5671,[-8084;3258],(235.0%),(obscured;zero)
50045,-2421+-5671,[-8092;3250],(234.2%),(obscured;zero)
63954,-2425+-5671,[-8096;3246],(233.9%),(obscured;zero)
55816,-2430+-5671,[-8101;3241],(233.4%),(obscured;zero)
58969,-2442+-5671,[-8113;3229],(232.2%),(obscured;zero)
14453,-2444+-5671,[-8115;3227],(232.0%),(obscured;zero)
23786,-2467+-5671,[-8138;3204],(229.9%),(obscured;zero)
24619,-2467+-5671,[-8138;3204],(229.9%),(obscured;zero)
40716,-2474+-5671,[-8145;3197],(229.2%),(obscured;zero)
29070,-2476+-5671,[-8147;3195],(229.0%),(obscured;zero)
9709,-2494+-5671,[-8165;3177],(227.4%),(obscured;zero)
47754,-2494+-5671,[-8165;3177],(227.4%),(obscured;zero)
11409,-2496+-5671,[-8167;3175],(227.2%),(obscured;zero)
17218,-2508+-5671,[-8179;3163],(226.1%),(obscured;zero)
23232,-2524+-5671,[-8195;3147],(224.7%),(obscured;zero)
15902,-2525+-5671,[-8196;3146],(224.6%),(obscured;zero)
197702,-2527+-5671,[-8198;3144],(224.4%),(obscured;zero)
32802,-2531+-5671,[-8202;3140],(224.1%),(obscured;zero)
52186,-2538+-5671,[-8209;3133],(223.4%),(obscured;zero)
31140,-2540+-5671,[-8211;3131],(223.3%),(obscured;zero)
52048,-2558+-5671,[-8229;3113],(221.7%),(obscured;zero)
206332,-2558+-5671,[-8229;3113],(221.7%),(obscured;zero)
10091,-2559+-5671,[-8230;3112],(221.6%),(obscured;zero)
38401,-2559+-5671,[-8230;3112],(221.6%),(obscured;zero)
56777,-2562+-5671,[-8233;3109],(221.4%),(obscured;zero)
62951,-2564+-5671,[-8235;3107],(221.2%),(obscured;zero)
51906,-2582+-5671,[-8253;3089],(219.6%),(obscured;zero)
197495,-2582+-5671,[-8253;3089],(219.6%),(obscured;zero)
52480,-2611+-5671,[-8282;3060],(217.2%),(obscured;zero)
132753,-2623+-5671,[-8294;3048],(216.2%),(obscured;zero)
264285,-2626+-5671,[-8297;3045],(216.0%),(obscured;zero)
35307,-2632+-5671,[-8303;3039],(215.5%),(obscured;zero)
206225,-2632+-5671,[-8303;3039],(215.5%),(obscured;zero)
393763,-2647+-5671,[-8318;3024],(214.2%),(obscured;zero)
202909,-2650+-5671,[-8321;3021],(214.0%),(obscured;zero)
394396,-2650+-5671,[-8321;3021],(214.0%),(obscured;zero)
136935,-2651+-5671,[-8322;3020],(213.9%),(obscured;zero)
62408,-2658+-5671,[-8329;3013],(213.4%),(obscured;zero)
262732,-2658+-5671,[-8329;3013],(213.4%),(obscured;zero)
33362,-2660+-5671,[-8331;3011],(213.2%),(obscured;zero)
33343,-2666+-5671,[-8337;3005],(212.7%),(obscured;zero)
393976,-2667+-5671,[-8338;3004],(212.6%),(obscured;zero)
44420,-2672+-5671,[-8343;2999],(212.2%),(obscured;zero)
51953,-2672+-5671,[-8343;2999],(212.2%),(obscured;zero)
263145,-2680+-5671,[-8351;2991],(211.6%),(obscured;zero)
197775,-2681+-5671,[-8352;2990],(211.5%),(obscured;zero)
18943,-2687+-5671,[-8358;2984],(211.1%),(obscured;zero)
198618,-2692+-5671,[-8363;2979],(210.7%),(obscured;zero)
20705,-2703+-5671,[-8374;2968],(209.8%),(obscured;zero)
41132,-2706+-5671,[-8377;2965],(209.6%),(obscured;zero)
63510,-2706+-5671,[-8377;2965],(209.6%),(obscured;zero)
136377,-2727+-5671,[-8398;2944],(208.0%),(obscured;zero)
48222,-2731+-5671,[-8402;2940],(207.7%),(obscured;zero)
135846,-2739+-5671,[-8410;2932],(207.0%),(obscured;zero)
203762,-2758+-5671,[-8429;2913],(205.6%),(obscured;zero)
62696,-2762+-5671,[-8433;2909],(205.3%),(obscured;zero)
13877,-2777+-5671,[-8448;2894],(204.2%),(obscured;zero)
24210,-2786+-5671,[-8457;2885],(203.6%),(obscured;zero)
51503,-2790+-5671,[-8461;2881],(203.3%),(obscured;zero)
262170,-2800+-5671,[-8471;2871],(202.5%),(obscured;zero)
31791,-2802+-5671,[-8473;2869],(202.4%),(obscured;zero)
263501,-2821+-5671,[-8492;2850],(201.0%),(obscured;zero)
8588,-2824+-5671,[-8495;2847],(200.8%),(obscured;zero)
55106,-2844+-5671,[-8515;2827],(199.4%),(obscured;zero)
13443,-2845+-5671,[-8516;2826],(199.3%),(obscured;zero)
198242,-2846+-5671,[-8517;2825],(199.3%),(obscured;zero)
59686,-2847+-5671,[-8518;2824],(199.2%),(obscured;zero)
57107,-2863+-5671,[-8534;2808],(198.1%),(obscured;zero)
46967,-2865+-5671,[-8536;2806],(197.9%),(obscured;zero)
56277,-2869+-5671,[-8540;2802],(197.7%),(obscured;zero)
36365,-2876+-5671,[-8547;2795],(197.2%),(obscured;zero)
136090,-2884+-5671,[-8555;2787],(196.6%),(obscured;zero)
49983,-2889+-5671,[-8560;2782],(196.3%),(obscured;zero)
46057,-2892+-5671,[-8563;2779],(196.1%),(obscured;zero)
135751,-2917+-5671,[-8588;2754],(194.4%),(obscured;zero)
267460,-2923+-5671,[-8594;2748],(194.0%),(obscured;zero)
36046,-2927+-5671,[-8598;2744],(193.7%),(obscured;zero)
393424,-2938+-5671,[-8609;2733],(193.0%),(obscured;zero)
55743,-2947+-5671,[-8618;2724],(192.4%),(obscured;zero)
38517,-2969+-5671,[-8640;2702],(191.0%),(obscured;zero)
199024,-2993+-5671,[-8664;2678],(189.5%),(obscured;zero)
20351,-2996+-5671,[-8667;2675],(189.3%),(obscured;zero)
58976,-2997+-5671,[-8668;2674],(189.2%),(obscured;zero)
6813,-3000+-5671,[-8671;2671],(189.0%),(obscured;zero)
13312,-3011+-5671,[-8682;2660],(188.3%),(obscured;zero)
59963,-3016+-5671,[-8687;2655],(188.0%),(obscured;zero)
30443,-3024+-5671,[-8695;2647],(187.5%),(obscured;zero)
11594,-3031+-5671,[-8702;2640],(187.1%),(obscured;zero)
16402,-3042+-5671,[-8713;2629],(186.4%),(obscured;zero)
52187,-3078+-5671,[-8749;2593],(184.2%),(obscured;zero)
25949,-3082+-5671,[-8753;2589],(184.0%),(obscured;zero)
50536,-3085+-5671,[-8756;2586],(183.8%),(obscured;zero)
263516,-3092+-5671,[-8763;2579],(183.4%),(obscured;zero)
132053,-3103+-5671,[-8774;2568],(182.8%),(obscured;zero)
266604,-3105+-5671,[-8776;2566],(182.6%),(obscured;zero)
8568,-3112+-5671,[-8783;2559],(182.2%),(obscured;zero)
35039,-3115+-5671,[-8786;2556],(182.1%),(obscured;zero)
49001,-3118+-5671,[-8789;2553],(181.9%),(obscured;zero)
57811,-3140+-5671,[-8811;2531],(180.6%),(obscured;zero)
331,-3148+-5671,[-8819;2523],(180.1%),(obscured;zero)
64432,-3152+-5671,[-8823;2519],(179.9%),(obscured;zero)
60103,-3153+-5671,[-8824;2518],(179.9%),(obscured;zero)
205956,-3155+-5671,[-8826;2516],(179.7%),(obscured;zero)
34456,-3176+-5671,[-8847;2495],(178.6%),(obscured;zero)
61334,-3184+-5671,[-8855;2487],(178.1%),(obscured;zero)
57749,-3185+-5671,[-8856;2486],(178.1%),(obscured;zero)
13106,-3193+-5671,[-8864;2478],(177.6%),(obscured;zero)
5710,-3199+-5671,[-8870;2472],(177.3%),(obscured;zero)
1798,-3200+-5671,[-8871;2471],(177.2%),(obscured;zero)
133600,-3213+-5671,[-8884;2458],(176.5%),(obscured;zero)
23703,-3216+-5671,[-8887;2455],(176.3%),(obscured;zero)
44415,-3225+-5671,[-8896;2446],(175.8%),(obscured;zero)
56918,-3228+-5671,[-8899;2443],(175.7%),(obscured;zero)
263590,-3238+-5671,[-8909;2433],(175.1%),(obscured;zero)
14997,-3239+-5671,[-8910;2432],(175.1%),(obscured;zero)
264186,-3261+-5671,[-8932;2410],(173.9%),(obscured;zero)
2837,-3262+-5671,[-8933;2409],(173.9%),(obscured;zero)
51439,-3262+-5671,[-8933;2409],(173.9%),(obscured;zero)
262493,-3283+-5671,[-8954;2388],(172.7%),(obscured;zero)
36286,-3285+-5671,[-8956;2386],(172.6%),(obscured;zero)
52294,-3286+-5671,[-8957;2385],(172.6%),(obscured;zero)
22241,-3301+-5671,[-8972;2370],(171.8%),(obscured;zero)
48754,-3304+-5671,[-8975;2367],(171.6%),(obscured;zero)
13091,-3309+-5671,[-8980;2362],(171.4%),(obscured;zero)
35547,-3351+-5671,[-9022;2320],(169.2%),(obscured;zero)
45265,-3383+-5671,[-9054;2288],(167.6%),(obscured;zero)
62797,-3392+-5671,[-9063;2279],(167.2%),(obscured;zero)
41701,-3424+-5671,[-9095;2247],(165.6%),(obscured;zero)
262983,-3431+-5671,[-9102;2240],(165.3%),(obscured;zero)
263120,-3448+-5671,[-9119;2223],(164.5%),(obscured;zero)
24331,-3453+-5671,[-9124;2218],(164.2%),(obscured;zero)
38808,-3457+-5671,[-9128;2214],(164.0%),(obscured;zero)
47496,-3461+-5671,[-9132;2210],(163.9%),(obscured;zero)
23732,-3463+-5671,[-9134;2208],(163.8%),(obscured;zero)
135105,-3472+-5671,[-9143;2199],(163.3%),(obscured;zero)
52380,-3480+-5671,[-9151;2191],(163.0%),(obscured;zero)
20303,-3486+-5671,[-9157;2185],(162.7%),(obscured;zero)
53486,-3489+-5671,[-9160;2182],(162.5%),(obscured;zero)
8381,-3492+-5671,[-9163;2179],(162.4%),(obscured;zero)
31604,-3501+-5671,[-9172;2170],(162.0%),(obscured;zero)
44654,-3512+-5671,[-9183;2159],(161.5%),(obscured;zero)
19594,-3519+-5671,[-9190;2152],(161.2%),(obscured;zero)
28123,-3522+-5671,[-9193;2149],(161.0%),(obscured;zero)
135399,-3526+-5671,[-9197;2145],(160.8%),(obscured;zero)
206765,-3528+-5671,[-9199;2143],(160.7%),(obscured;zero)
16188,-3531+-5671,[-9202;2140],(160.6%),(obscured;zero)
136454,-3540+-5671,[-9211;2131],(160.2%),(obscured;zero)
133306,-3558+-5671,[-9229;2113],(159.4%),(obscured;zero)
49301,-3563+-5671,[-9234;2108],(159.2%),(obscured;zero)
264200,-3580+-5671,[-9251;2091],(158.4%),(obscured;zero)
57741,-3588+-5671,[-9259;2083],(158.1%),(obscured;zero)
202791,-3601+-5671,[-9272;2070],(157.5%),(obscured;zero)
62703,-3606+-5671,[-9277;2065],(157.3%),(obscured;zero)
22489,-3616+-5671,[-9287;2055],(156.8%),(obscured;zero)
52685,-3662+-5671,[-9333;2009],(154.9%),(obscured;zero)
42100,-3666+-5671,[-9337;2005],(154.7%),(obscured;zero)
393933,-3672+-5671,[-9343;1999],(154.4%),(obscured;zero)
266445,-3684+-5671,[-9355;1987],(153.9%),(obscured;zero)
8577,-3687+-5671,[-9358;1984],(153.8%),(obscured;zero)
6639,-3694+-5671,[-9365;1977],(153.5%),(obscured;zero)
50227,-3697+-5671,[-9368;1974],(153.4%),(obscured;zero)
393468,-3698+-5671,[-9369;1973],(153.4%),(obscured;zero)
131354,-3702+-5671,[-9373;1969],(153.2%),(obscured;zero)
206497,-3712+-5671,[-9383;1959],(152.8%),(obscured;zero)
53049,-3723+-5671,[-9394;1948],(152.3%),(obscured;zero)
49762,-3742+-5671,[-9413;1929],(151.5%),(obscured;zero)
12217,-3743+-5671,[-9414;1928],(151.5%),(obscured;zero)
20909,-3751+-5671,[-9422;1920],(151.2%),(obscured;zero)
327719,-3761+-5671,[-9432;1910],(150.8%),(obscured;zero)
36258,-3767+-5671,[-9438;1904],(150.5%),(obscured;zero)
395951,-3777+-5671,[-9448;1894],(150.1%),(obscured;zero)
202545,-3781+-5671,[-9452;1890],(150.0%),(obscured;zero)
53083,-3804+-5671,[-9475;1867],(149.1%),(obscured;zero)
33514,-3836+-5671,[-9507;1835],(147.8%),(obscured;zero)
32509,-3864+-5671,[-9535;1807],(146.8%),(obscured;zero)
37443,-3874+-5671,[-9545;1797],(146.4%),(obscured;zero)
50665,-3880+-5671,[-9551;1791],(146.2%),(obscured;zero)
197952,-3924+-5671,[-9595;1747],(144.5%),(obscured;zero)
45941,-3928+-5671,[-9599;1743],(144.4%),(obscured;zero)
133816,-3944+-5671,[-9615;1727],(143.8%),(obscured;zero)
263723,-3955+-5671,[-9626;1716],(143.4%),(obscured;zero)
202725,-4027+-5671,[-9698;1644],(140.8%),(obscured;zero)
15644,-4044+-5671,[-9715;1627],(140.2%),(obscured;zero)
206581,-4071+-5671,[-9742;1600],(139.3%),(obscured;zero)
42518,-4086+-5671,[-9757;1585],(138.8%),(obscured;zero)
132819,-4104+-5671,[-9775;1567],(138.2%),(obscured;zero)
49848,-4105+-5671,[-9776;1566],(138.1%),(obscured;zero)
36020,-4114+-5671,[-9785;1557],(137.8%),(obscured;zero)
262562,-4122+-5671,[-9793;1549],(137.6%),(obscured;zero)
263765,-4123+-5671,[-9794;1548],(137.5%),(obscured;zero)
4196,-4133+-5671,[-9804;1538],(137.2%),(obscured;zero)
4466,-4135+-5671,[-9806;1536],(137.1%),(obscured;zero)
60749,-4157+-5671,[-9828;1514],(136.4%),(obscured;zero)
134413,-4166+-5671,[-9837;1505],(136.1%),(obscured;zero)
26777,-4209+-5671,[-9880;1462],(134.7%),(obscured;zero)
22959,-4229+-5671,[-9900;1442],(134.1%),(obscured;zero)
54881,-4242+-5671,[-9913;1429],(133.7%),(obscured;zero)
43706,-4244+-5671,[-9915;1427],(133.6%),(obscured;zero)
37301,-4275+-5671,[-9946;1396],(132.7%),(obscured;zero)
3180,-4315+-5671,[-9986;1356],(131.4%),(obscured;zero)
263284,-4319+-5671,[-9990;1352],(131.3%),(obscured;zero)
18114,-4340+-5671,[-10011;1331],(130.7%),(obscured;zero)
396522,-4341+-5671,[-10012;1330],(130.6%),(obscured;zero)
262186,-4351+-5671,[-10022;1320],(130.3%),(obscured;zero)
53001,-4355+-5671,[-10026;1316],(130.2%),(obscured;zero)
132316,-4390+-5671,[-10061;1281],(129.2%),(obscured;zero)
44356,-4392+-5671,[-10063;1279],(129.1%),(obscured;zero)
3279,-4408+-5671,[-10079;1263],(128.7%),(obscured;zero)
198613,-4428+-5671,[-10099;1243],(128.1%),(obscured;zero)
19993,-4477+-5671,[-10148;1194],(126.7%),(obscured;zero)
46055,-4479+-5671,[-10150;1192],(126.6%),(obscured;zero)
49702,-4491+-5671,[-10162;1180],(126.3%),(obscured;zero)
396109,-4515+-5671,[-10186;1156],(125.6%),(obscured;zero)
8452,-4541+-5671,[-10212;1130],(124.9%),(obscured;zero)
60688,-4550+-5671,[-10221;1121],(124.6%),(obscured;zero)
17766,-4552+-5671,[-10223;1119],(124.6%),(obscured;zero)
396070,-4578+-5671,[-10249;1093],(123.9%),(obscured;zero)
205107,-4595+-5671,[-10266;1076],(123.4%),(obscured;zero)
32752,-4632+-5671,[-10303;1039],(122.4%),(obscured;zero)
38260,-4635+-5671,[-10306;1036],(122.4%),(obscured;zero)
58702,-4650+-5671,[-10321;1021],(122.0%),(obscured;zero)
36814,-4662+-5671,[-10333;1009],(121.6%),(obscured;zero)
53964,-4679+-5671,[-10350;992],(121.2%),(obscured;zero)
34199,-4696+-5671,[-10367;975],(120.8%),(obscured;zero)
13799,-4713+-5671,[-10384;958],(120.3%),(obscured;zero)
23096,-4722+-5671,[-10393;949],(120.1%),(obscured;zero)
51690,-4732+-5671,[-10403;939],(119.8%),(obscured;zero)
394571,-4735+-5671,[-10406;936],(119.8%),(obscured;zero)
14707,-4788+-5671,[-10459;883],(118.4%),(obscured;zero)
266256,-4826+-5671,[-10497;845],(117.5%),(obscured;zero)
57066,-4872+-5671,[-10543;799],(116.4%),(obscured;zero)
4903,-4899+-5671,[-10570;772],(115.8%),(obscured;zero)
7080,-4907+-5671,[-10578;764],(115.6%),(obscured;zero)
55330,-4910+-5671,[-10581;761],(115.5%),(obscured;zero)
35146,-4958+-5671,[-10629;713],(114.4%),(obscured;zero)
1945,-4977+-5671,[-10648;694],(113.9%),(obscured;zero)
393362,-4978+-5671,[-10649;693],(113.9%),(obscured;zero)
42772,-4990+-5671,[-10661;681],(113.6%),(obscured;zero)
203980,-5000+-5671,[-10671;671],(113.4%),(obscured;zero)
206687,-5010+-5671,[-10681;661],(113.2%),(obscured;zero)
24137,-5050+-5671,[-10721;621],(112.3%),(obscured;zero)
52966,-5069+-5671,[-10740;602],(111.9%),(obscured;zero)
136214,-5087+-5671,[-10758;584],(111.5%),(obscured;zero)
134269,-5092+-5671,[-10763;579],(111.4%),(obscured;zero)
46501,-5106+-5671,[-10777;565],(111.1%),(obscured;zero)
12346,-5143+-5671,[-10814;528],(110.3%),(obscured;zero)
60824,-5145+-5671,[-10816;526],(110.2%),(obscured;zero)
136489,-5217+-5671,[-10888;454],(108.7%),(obscured;zero)
15405,-5226+-5671,[-10897;445],(108.5%),(obscured;zero)
13612,-5323+-5671,[-10994;348],(106.5%),(obscured;zero)
205171,-5377+-5671,[-11048;294],(105.5%),(obscured;zero)
263307,-5387+-5671,[-11058;284],(105.3%),(obscured;zero)
8283,-5432+-5671,[-11103;239],(104.4%),(obscured;zero)
198356,-5432+-5671,[-11103;239],(104.4%),(obscured;zero)
54452,-5478+-5671,[-11149;193],(103.5%),(obscured;zero)
21615,-5537+-5671,[-11208;134],(102.4%),(obscured;zero)
328207,-5548+-5671,[-11219;123],(102.2%),(obscured;zero)
20522,-5566+-5671,[-11237;105],(101.9%),(obscured;zero)
197115,-5587+-5671,[-11258;84],(101.5%),(obscured;zero)
35769,-5593+-5671,[-11264;78],(101.4%),(obscured;zero)
198881,-5637+-5671,[-11308;34],(100.6%),(obscured;zero)
28836,-5647+-5671,[-11318;24],(100.4%),(obscured;zero)
34893,-5649+-5671,[-11320;22],(100.4%),(obscured;zero)
58486,-5676+-5671,[-11347;-5],(99.9%),(visible;zero)
197922,-5698+-5671,[-11369;-27],(99.5%),(visible;zero)
201143,-5706+-5671,[-11377;-35],(99.4%),(visible;zero)
393513,-5744+-5671,[-11415;-73],(98.7%),(visible;zero)
61223,-5917+-5671,[-11588;-246],(95.8%),(visible;zero)
41582,-5933+-5671,[-11604;-262],(95.6%),(visible;zero)
263512,-6024+-5671,[-11695;-353],(94.1%),(visible;zero)
52787,-6376+-5671,[-12047;-705],(88.9%),(visible;zero)
19863,-6431+-5671,[-12102;-760],(88.2%),(visible;zero)
545,-6589+-5671,[-12260;-918],(86.1%),(visible;zero)
55687,-6590+-5671,[-12261;-919],(86.1%),(visible;zero)
198917,-6746+-5671,[-12417;-1075],(84.1%),(visible;zero)
56411,-6748+-5671,[-12419;-1077],(84.0%),(visible;zero)
198774,-6790+-5671,[-12461;-1119],(83.5%),(visible;zero)
132670,-7027+-5671,[-12698;-1356],(80.7%),(visible;zero)
265190,-7191+-5671,[-12862;-1520],(78.9%),(visible;zero)
396105,-7250+-5671,[-12921;-1579],(78.2%),(visible;zero)
5081,-7323+-5671,[-12994;-1652],(77.4%),(visible;zero)
197550,-7375+-5671,[-13046;-1704],(76.9%),(visible;zero)
57485,-7389+-5671,[-13060;-1718],(76.7%),(visible;zero)
53483,-7398+-5671,[-13069;-1727],(76.7%),(visible;zero)
30402,-7550+-5671,[-13221;-1879],(75.1%),(visible;zero)
9394,-7835+-5671,[-13506;-2164],(72.4%),(visible;zero)
Unmatched,2185248+-5671,[2179577;2190919],(0.3%),(visible;positive)
EntryConnectionCount,7046671+-5671,[7041000;7052342],(0.1%),(visible;positive)